,load_vessel_name,load_vessel_imo,discharge_vessel_name,discharge_vessel_imo,zone_name,start,end,cargo_origin_barrels_split_by_product,cargo_origin_tons_split_by_product,closest_ancestor_product,closest_ancestor_grade,ship_to_ship_id,query_zone,load_vessel_key,discharge_vessel_key,zone_label,sts_zone,sts_volume_bbl,receiver_in_soh_exits,giver_in_soh_hist,origin,origin_bucket,grade_trade,vol_bbl
2,Front Otra,1116014,Nissos Kythnos,9853852,Sohar Light.,2026-08-07 17:59:00,2026-08-10 15:53:00,2042477,288358,Crude,Shaheen,398021066,Gulf of Oman,FRONT OTRA,NISSOS KYTHNOS,Sohar Light.,Sohar Light,2042477,True,False,,unknown,,2042477
3,Poliegos,9746621,Baltic Loyalty,9411953,Sohar Light.,2026-08-07 12:18:00,2026-08-09 18:37:00,1065431,150587,Crude,Basrah,398001376,Gulf of Oman,POLIEGOS,BALTIC LOYALTY,Sohar Light.,Sohar Light,1065431,False,False,,unknown,,1065431
4,Bam Sandy,9326914,Albi,9444821,Fujairah Light.,2026-08-07 04:16:00,2026-08-07 21:54:00,22127,2905,Crude,Meleck,397948949,Gulf of Oman,BAM SANDY,ALBI,Fujairah Light.,Fujairah Light,22127,False,False,,unknown,,22127
5,Bam Sandy,9326914,Albi,9444821,Fujairah Light.,2026-08-07 04:16:00,2026-08-07 21:54:00,22127,3082,Crude,Jones Creek,397948949,Gulf of Oman,BAM SANDY,ALBI,Fujairah Light.,Fujairah Light,22127,False,False,,unknown,,22127
6,Yuan Yang Hu,9398943,Cameroon Prosperity,9315159,Fujairah Light.,2026-08-07 00:00:00,2026-08-07 00:00:00,1990001,262915,Crude,Das,398481543,Gulf of Oman,YUAN YANG HU,CAMEROON PROSPERITY,Fujairah Light.,Fujairah Light,1990001,True,True,,unknown,,1990001
7,C.Majesty,9402990,Bahrain Prosperity,9596947,Sohar Light.,2026-08-07 00:00:00,2026-08-07 00:00:00,2000002,264237,Crude,Das,398481524,Gulf of Oman,C.MAJESTY,BAHRAIN PROSPERITY,Sohar Light.,Sohar Light,2000002,True,True,,unknown,,2000002
8,Giannis,9432050,Grand Lady,9406166,Fujairah Light.,2026-08-07 00:00:00,2026-08-07 00:00:00,1074079,147882,Crude,ME,398497973,Gulf of Oman,GIANNIS,GRAND LADY,Fujairah Light.,Fujairah Light,1074079,True,True,,unknown,,1074079
10,Bobcat,9422457,Gelor,9185528,Sohar Light.,2026-08-06 22:18:00,2026-08-09 14:19:00,1047096,144999,Crude,Urals,397904591,Gulf of Oman,BOBCAT,GELOR,Sohar Light.,Sohar Light,1047096,False,False,,unknown,,1047096
11,Skopelos,9381720,Romania Prosperity,9315161,Sohar Light.,2026-08-06 06:19:00,2026-08-10 05:59:00,2000002,271550,Crude,Zakum,397777960,Gulf of Oman,SKOPELOS,ROMANIA PROSPERITY,Sohar Light.,Sohar Light,2000002,True,True,,unknown,,2000002
12,Helios,9941673,Al Kout,9653434,Sohar Light.,2026-08-05 00:00:00,2026-08-06 00:00:00,2016582,280534,Crude,Kuwait,397725959,Gulf of Oman,HELIOS,AL KOUT,Sohar Light.,Sohar Light,2016582,True,False,,unknown,,2016582
13,Vl Pioneer,9683661,Fujairah Energy,9723071,Fujairah Light.,2026-08-05 00:00:00,2026-08-06 00:00:00,1999996,275365,Crude,ME,397716702,Gulf of Oman,VL PIONEER,FUJAIRAH ENERGY,Fujairah Light.,Fujairah Light,1999996,True,False,,unknown,,1999996
14,Ocean Loyalty,9375238,Mombasa B,9739501,Fujairah Light.,2026-08-05 00:00:00,2026-08-06 00:00:00,2000002,271550,Crude,Zakum,394774134,Gulf of Oman,OCEAN LOYALTY,MOMBASA B,Fujairah Light.,Fujairah Light,2000002,True,False,,unknown,,2000002
15,Nave Electron,9890989,Kiku,9329796,Fujairah Light.,2026-08-04 20:18:00,2026-08-08 08:33:00,697194,91114,Crude,Qatar Land,397557737,Gulf of Oman,NAVE ELECTRON,KIKU,Fujairah Light.,Fujairah Light,697194,True,False,,unknown,,697194
16,Nave Electron,9890989,Kiku,9329796,Fujairah Light.,2026-08-04 20:18:00,2026-08-08 08:33:00,1314532,177226,Crude,Qatar Mar.,397557737,Gulf of Oman,NAVE ELECTRON,KIKU,Fujairah Light.,Fujairah Light,1314532,True,False,,unknown,,1314532
17,Baltic Loyalty,9411953,Lucia A,9228655,Sohar Light.,2026-08-04 00:17:00,2026-08-07 00:39:00,1036258,146464,Crude,Basrah Med.,397398075,Gulf of Oman,BALTIC LOYALTY,LUCIA A,Sohar Light.,Sohar Light,1036258,True,False,,unknown,,1036258
19,Seaking,9602916,Rotterdam Energy,9508859,Sohar Light.,2026-08-02 03:38:00,2026-08-04 13:55:00,1986831,262497,Crude,Das,397074149,Gulf of Oman,SEAKING,ROTTERDAM ENERGY,Sohar Light.,Sohar Light,1986831,True,True,,unknown,,1986831
21,Singapore Prosperity,9419967,Togo Prosperity,9411032,Fujairah Light.,2026-08-01 05:59:00,2026-08-02 01:55:00,2000002,275366,Crude,ME,397052472,Gulf of Oman,SINGAPORE PROSPERITY,TOGO PROSPERITY,Fujairah Light.,Fujairah Light,2000002,True,False,,unknown,,2000002
22,Sea Ruby,9779616,Dar Salwa,9534779,Fujairah Light.,2026-07-31 00:00:00,2026-08-01 00:00:00,2083996,289912,Crude,Kuwait,397052478,Gulf of Oman,SEA RUBY,DAR SALWA,Fujairah Light.,Fujairah Light,2083996,True,True,,unknown,,2083996
23,Tenki,9321299,Das,9854507,Sohar Light.,2026-07-31 00:00:00,2026-08-01 00:00:00,1996429,259321,Crude,Umm Lulu,397052505,Gulf of Oman,TENKI,DAS,Sohar Light.,Sohar Light,1996429,True,True,,unknown,,1996429
25,Ajwad,9830795,Wedyan,9524970,Sohar Light.,2026-07-31 00:00:00,2026-08-01 00:00:00,2000002,272933,Crude,Arab,397052518,Gulf of Oman,AJWAD,WEDYAN,Sohar Light.,Sohar Light,2000002,True,False,,unknown,,2000002
26,Tony,9432036,Ocean Loyalty,9375238,Fujairah Light.,2026-07-27 00:17:00,2026-07-29 04:59:00,999998,131005,Crude,Murban,396009636,Gulf of Oman,TONY,OCEAN LOYALTY,Fujairah Light.,Fujairah Light,999998,False,False,,unknown,,999998
27,Desh Vishal,9371749,Nissos Heraclea,9419618,Sohar Light.,2026-07-26 02:17:00,2026-07-29 02:37:00,1959999,275467,Crude,Basrah Med.,395796788,Gulf of Oman,DESH VISHAL,NISSOS HERACLEA,Sohar Light.,Sohar Light,1959999,True,True,,unknown,,1959999
28,Vittoria,9890977,Angola B,9623685,Fujairah Light.,2026-07-26 00:00:00,2026-07-27 00:00:00,1799080,233687,Crude,Umm Lulu,395985052,Gulf of Oman,VITTORIA,ANGOLA B,Fujairah Light.,Fujairah Light,1799080,True,True,,unknown,,1799080
31,Nave Quasar,9514559,Al Bahyah,9937799,Fujairah Light.,2026-07-26 00:00:00,2026-07-27 00:00:00,1796810,237391,Crude,Das,395985485,Gulf of Oman,NAVE QUASAR,AL BAHYAH,Fujairah Light.,Fujairah Light,1796810,True,False,,unknown,,1796810
32,Ocean Loyalty,9375238,Romania Prosperity,9315161,Fujairah Light.,2026-07-26 00:00:00,2026-07-27 00:00:00,2000002,262011,Crude,Murban,395980442,Gulf of Oman,OCEAN LOYALTY,ROMANIA PROSPERITY,Fujairah Light.,Fujairah Light,2000002,True,False,,unknown,,2000002
33,Mount Fuji,9509011,Nissos Kea,9920758,Fujairah Light.,2026-07-24 02:58:00,2026-07-25 15:25:00,980009,134349,Crude,Qatar Crude,395428353,Gulf of Oman,MOUNT FUJI,NISSOS KEA,Fujairah Light.,Fujairah Light,980009,True,False,,unknown,,980009
34,Odessa,9633458,Gulf Loyalty,9441245,Fujairah Light.,2026-07-22 03:19:00,2026-07-23 20:39:00,888555,117394,Crude,Das,395046910,Gulf of Oman,ODESSA,GULF LOYALTY,Fujairah Light.,Fujairah Light,888555,False,True,,unknown,,888555
35,Baltic Loyalty,9411953,Kiara M,9285823,Sohar Light.,2026-07-22 02:37:00,2026-07-26 05:17:00,999998,141339,Crude,Basrah Hy.,395035424,Gulf of Oman,BALTIC LOYALTY,KIARA M,Sohar Light.,Sohar Light,999998,True,False,,unknown,,999998
37,Front Silkeborg,9832274,Gulf Loyalty,9441245,Fujairah Light.,2026-07-20 06:18:00,2026-07-21 15:01:00,1011445,133630,Crude,Das,394735861,Gulf of Oman,FRONT SILKEBORG,GULF LOYALTY,Fujairah Light.,Fujairah Light,1011445,False,True,,unknown,,1011445
38,Sea Leopard,9422615,Al Kout,9653434,Sohar Light.,2026-07-20 00:00:00,2026-07-21 00:00:00,2000002,278228,Crude,Kuwait,395052090,Gulf of Oman,SEA LEOPARD,AL KOUT,Sohar Light.,Sohar Light,2000002,True,True,,unknown,,2000002
39,Maran Atalanta,9810393,Umm Al Aish,9534781,Fujairah Light.,2026-07-20 00:00:00,2026-07-21 00:00:00,2000002,278228,Crude,Kuwait,395068289,Gulf of Oman,MARAN ATALANTA,UMM AL AISH,Fujairah Light.,Fujairah Light,2000002,True,False,,unknown,,2000002
40,Mardan,9360453,Ocean Loyalty,9375238,Fujairah Light.,2026-07-18 15:39:00,2026-07-19 06:51:00,599997,79270,Crude,Das,394449199,Gulf of Oman,MARDAN,OCEAN LOYALTY,Fujairah Light.,Fujairah Light,599997,False,False,FOTT,hormuz_side_load,,599997
41,Aristotelis II,1097775,Al Derwazah,9653410,Sohar Light.,2026-07-18 00:00:00,2026-07-19 00:00:00,2042483,284137,Crude,Kuwait,394693995,Gulf of Oman,ARISTOTELIS II,AL DERWAZAH,Sohar Light.,Sohar Light,2042483,True,False,,unknown,,2042483
42,Seaking,9602916,Angola B,9623685,Sohar Light.,2026-07-17 00:00:00,2026-07-18 00:00:00,2000002,275366,Crude,ME,394694003,Gulf of Oman,SEAKING,ANGOLA B,Sohar Light.,Sohar Light,2000002,True,True,,unknown,,2000002
43,Marine Hope,9794006,Al Funtas,9653408,Fujairah Light.,2026-07-15 00:00:00,2026-07-16 00:00:00,1999996,275365,Crude,ME,394694011,Gulf of Oman,MARINE HOPE,AL FUNTAS,Fujairah Light.,Fujairah Light,1999996,True,False,,unknown,,1999996
44,Resilient Warrior,9856359,Malaysia Prosperity,9395305,Sohar Light.,2026-07-14 16:16:00,2026-07-16 04:37:00,1000004,132119,Crude,Das,393827062,Gulf of Oman,RESILIENT WARRIOR,MALAYSIA PROSPERITY,Sohar Light.,Sohar Light,1000004,False,True,,unknown,,1000004
45,Tosa,9343388,Nissos Heraclea,9419618,Sohar Light.,2026-07-12 06:18:00,2026-07-15 23:59:00,2011726,284017,Crude,Shaheen,393419507,Gulf of Oman,TOSA,NISSOS HERACLEA,Sohar Light.,Sohar Light,2011726,True,False,,unknown,,2011726
47,Universal Frontier,9829382,Vadin,9324100,Sohar Light.,2026-07-11 10:19:00,2026-07-14 18:38:00,2051736,285425,Crude,Kuwait,393285546,Gulf of Oman,UNIVERSAL FRONTIER,VADIN,Sohar Light.,Sohar Light,2051736,True,True,,unknown,,2051736
49,Captain A Stellatos,9439670,Ocean Loyalty,9375238,Sohar Light.,2026-07-11 01:39:00,2026-07-12 13:58:00,709572,93747,Crude,Das,393204194,Gulf of Oman,CAPTAIN A STELLATOS,OCEAN LOYALTY,Sohar Light.,Sohar Light,709572,False,False,,unknown,,709572
50,C.Dignity,9421984,Dar Salwa,9534779,Sohar Light.,2026-07-11 00:00:00,2026-07-12 00:00:00,2000002,278228,Crude,Kuwait,393521913,Gulf of Oman,C.DIGNITY,DAR SALWA,Sohar Light.,Sohar Light,2000002,True,True,FOTT,hormuz_side_load,,2000002
51,Xin An Yang,9473389,Bahrain Prosperity,9596947,Fujairah Light.,2026-07-11 00:00:00,2026-07-12 00:00:00,2000002,271550,Crude,Zakum,393521857,Gulf of Oman,XIN AN YANG,BAHRAIN PROSPERITY,Fujairah Light.,Fujairah Light,2000002,True,True,Mina Al Fahal,hormuz_side_load,Oman,2000002
53,Vera,9304655,Daniel,9569683,Gulf of Oman,2026-07-10 00:00:00,2026-07-11 00:00:00,2000002,276638,Crude,Iran,393521763,Gulf of Oman,VERA,DANIEL,Gulf of Oman,Gulf of Oman,2000002,True,True,,unknown,,2000002
54,Evros,1087536,Al Funtas,9653408,Sohar Light.,2026-07-08 00:00:00,2026-07-09 00:00:00,2000002,278228,Crude,Kuwait,392860660,Gulf of Oman,EVROS,AL FUNTAS,Sohar Light.,Sohar Light,2000002,True,False,,unknown,,2000002
55,Yuan Gui Yang,9843302,Das,9854507,Fujairah Light.,2026-07-08 00:00:00,2026-07-11 00:00:00,1996429,271065,Crude,Zakum,392862524,Gulf of Oman,YUAN GUI YANG,DAS,Fujairah Light.,Fujairah Light,1996429,True,True,,unknown,,1996429
56,Tamba,9343405,Hafeet,9928009,Sohar Light.,2026-07-08 00:00:00,2026-07-09 00:00:00,1996461,271069,Crude,Zakum,392862514,Gulf of Oman,TAMBA,HAFEET,Sohar Light.,Sohar Light,1996461,True,False,,unknown,,1996461
57,Yuan Peng Yang,9847633,Kiku,9329796,Fujairah Light.,2026-07-06 20:19:00,2026-07-09 08:50:00,2011726,284017,Crude,Shaheen,392517038,Gulf of Oman,YUAN PENG YANG,KIKU,Fujairah Light.,Fujairah Light,2011726,True,True,,unknown,,2011726
58,Ocean Loyalty,9375238,Angola B,9623685,Sohar Light.,2026-07-06 00:00:00,2026-07-08 00:00:00,2009185,265450,Crude,Das,392517378,Gulf of Oman,OCEAN LOYALTY,ANGOLA B,Sohar Light.,Sohar Light,2009185,True,False,,unknown,,2009185
60,Tara,1042500,France C,9322281,Sohar Light.,2026-07-06 00:00:00,2026-07-07 00:00:00,2000002,264237,Crude,Das,392516939,Gulf of Oman,TARA,FRANCE C,Sohar Light.,Sohar Light,2000002,True,False,,unknown,,2000002
62,Alexandros,9905459,Grand Lady,9406166,Fujairah Light.,2026-07-06 00:00:00,2026-07-07 00:00:00,1959999,277025,Crude,Basrah,392517887,Gulf of Oman,ALEXANDROS,GRAND LADY,Fujairah Light.,Fujairah Light,1959999,True,False,,unknown,,1959999
63,Twin Pollux,9625968,Rotterdam Energy,9508859,Sohar Light.,2026-07-06 00:00:00,2026-07-08 23:19:00,1986831,269762,Crude,Zakum,392516847,Gulf of Oman,TWIN POLLUX,ROTTERDAM ENERGY,Sohar Light.,Sohar Light,1986831,True,False,,unknown,,1986831
65,Irini N. Lemos,9831218,Nissos Kea,9920758,Sohar Light.,2026-07-04 09:58:00,2026-07-08 02:23:00,200003,26137,Crude,Qatar Land,391933248,Gulf of Oman,IRINI N. LEMOS,NISSOS KEA,Sohar Light.,Sohar Light,200003,True,False,Mina Al Fahal,hormuz_side_load,Oman,200003
66,Irini N. Lemos,9831218,Nissos Kea,9920758,Sohar Light.,2026-07-04 09:58:00,2026-07-08 02:23:00,1799999,242678,Crude,Qatar Mar.,391933248,Gulf of Oman,IRINI N. LEMOS,NISSOS KEA,Sohar Light.,Sohar Light,1799999,True,False,Mina Al Fahal,hormuz_side_load,Oman,1799999
67,New Achievement,9686340,Malaysia Prosperity,9395305,Fujairah Light.,2026-07-04 00:17:00,2026-07-06 21:07:00,2000002,275366,Crude,ME,391876017,Gulf of Oman,NEW ACHIEVEMENT,MALAYSIA PROSPERITY,Fujairah Light.,Fujairah Light,2000002,False,True,,unknown,,2000002
68,Tunisia Prosperity,9568809,Alexandros,9905459,Fujairah Light.,2026-07-02 03:39:00,2026-07-04 19:59:00,1959999,296034,Crude,Merey,391538242,Gulf of Oman,TUNISIA PROSPERITY,ALEXANDROS,Fujairah Light.,Fujairah Light,1959999,False,True,FOTT,hormuz_side_load,,1959999
69,Mardan,9360453,Ocean Loyalty,9375238,Fujairah Light.,2026-06-30 22:18:00,2026-07-02 12:19:00,646535,83980,Crude,Umm Lulu,391432496,Gulf of Oman,MARDAN,OCEAN LOYALTY,Fujairah Light.,Fujairah Light,646535,False,False,FOTT,hormuz_side_load,,646535
70,Desh Ujaala,9297486,Nissos Heraclea,9419618,Sohar Light.,2026-06-30 20:59:00,2026-07-03 22:34:00,2094689,296062,Crude,Basrah,391392410,Gulf of Oman,DESH UJAALA,NISSOS HERACLEA,Sohar Light.,Sohar Light,2094689,True,False,,unknown,,2094689
71,Amphitrite,9455973,Al Kout,9653434,Fujairah Light.,2026-06-30 00:00:00,2026-07-01 00:00:00,2000002,278228,Crude,Kuwait,392858747,Gulf of Oman,AMPHITRITE,AL KOUT,Fujairah Light.,Fujairah Light,2000002,True,False,,unknown,,2000002
72,Dht Opal,9455662,Cameroon Prosperity,9315159,Sohar Light.,2026-06-28 21:58:00,2026-07-02 09:12:00,2120131,287861,Crude,Zakum,391354307,Gulf of Oman,DHT OPAL,CAMEROON PROSPERITY,Sohar Light.,Sohar Light,2120131,True,True,,unknown,,2120131
73,Guyana Prosperity,9728693,Kiara M,9285823,Sohar Light.,2026-06-28 20:59:00,2026-07-02 18:17:00,2004373,283297,Crude,Basrah,391352026,Gulf of Oman,GUYANA PROSPERITY,KIARA M,Sohar Light.,Sohar Light,2004373,True,False,,unknown,,2004373
75,Yuan Hua Yang,9843297,Togo Prosperity,9411032,Fujairah Light.,2026-06-27 15:18:00,2026-06-30 12:39:00,1900000,257972,Crude,Zakum,391331444,Gulf of Oman,YUAN HUA YANG,TOGO PROSPERITY,Fujairah Light.,Fujairah Light,1900000,True,False,,unknown,,1900000
76,Atlantic Pioneer,9397145,Argentina B,9389021,Sohar Light.,2026-06-26 00:00:00,2026-06-27 00:00:00,2000002,275366,Crude,ME,391354283,Gulf of Oman,ATLANTIC PIONEER,ARGENTINA B,Sohar Light.,Sohar Light,2000002,True,True,,unknown,,2000002
77,Izki,9500924,Grand Lady,9406166,Sohar Light.,2026-06-26 00:00:00,2026-06-27 00:00:00,1900000,268545,Crude,Basrah,392517737,Gulf of Oman,IZKI,GRAND LADY,Sohar Light.,Sohar Light,1900000,True,False,,unknown,,1900000
78,Adamantios,9905447,Dar Salwa,9534779,Fujairah Light.,2026-06-26 00:00:00,2026-06-27 00:00:00,2089393,290663,Crude,Kuwait,391353961,Gulf of Oman,ADAMANTIOS,DAR SALWA,Fujairah Light.,Fujairah Light,2089393,True,True,,unknown,,2089393
79,Yasa Southern Cross,9534030,France C,9322281,Fujairah Light.,2026-06-26 00:00:00,2026-06-27 00:00:00,2052742,278711,Crude,Zakum,391336847,Gulf of Oman,YASA SOUTHERN CROSS,FRANCE C,Fujairah Light.,Fujairah Light,2052742,True,False,Mina Al Fahal,hormuz_side_load,Oman,2052742
80,Xin Yue Yang,9389772,Bahrain Prosperity,9596947,Fujairah Light.,2026-06-25 10:18:00,2026-06-28 19:39:00,1990662,270282,Crude,Zakum,391127935,Gulf of Oman,XIN YUE YANG,BAHRAIN PROSPERITY,Fujairah Light.,Fujairah Light,1990662,True,True,,unknown,,1990662
81,Universal Innovator,9829370,Al Jabriyah II,9329708,Sohar Light.,2026-06-25 00:00:00,2026-06-26 00:00:00,2000002,272851,Crude,Kuwait Crude,391354384,Gulf of Oman,UNIVERSAL INNOVATOR,AL JABRIYAH II,Sohar Light.,Sohar Light,2000002,True,False,,unknown,,2000002
82,Dht Stallion,9813448,Rotterdam Energy,9508859,Sohar Light.,2026-06-24 00:00:00,2026-06-26 00:00:00,1986831,269762,Crude,Zakum,391343294,Gulf of Oman,DHT STALLION,ROTTERDAM ENERGY,Sohar Light.,Sohar Light,1986831,True,True,,unknown,,1986831
83,Mardan,9360453,Ocean Loyalty,9375238,Fujairah Light.,2026-06-23 10:18:00,2026-06-23 13:54:00,563114,73144,Crude,Umm Lulu,391077821,Gulf of Oman,MARDAN,OCEAN LOYALTY,Fujairah Light.,Fujairah Light,563114,False,False,FOTT,hormuz_side_load,,563114
85,Nissos Keros,9856074,Al Siddeeq,9853486,Sohar Light.,2026-06-21 00:00:00,2026-06-22 00:00:00,2128352,296083,Crude,Kuwait,391047963,Gulf of Oman,NISSOS KEROS,AL SIDDEEQ,Sohar Light.,Sohar Light,2128352,True,True,Oman,hormuz_side_load,Oman,2128352
86,Bidbid,1085473,Fujairah Energy,9723071,Fujairah Light.,2026-06-21 00:00:00,2026-06-22 00:00:00,1900000,268545,Crude,Basrah,391047743,Gulf of Oman,BIDBID,FUJAIRAH ENERGY,Fujairah Light.,Fujairah Light,1900000,True,False,,unknown,,1900000
88,Advantage Vision,9933559,Cyprus Prosperity,9595216,Fujairah Light.,2026-06-21 00:00:00,2026-06-22 00:00:00,1865620,246482,Crude,Das,391047170,Gulf of Oman,ADVANTAGE VISION,CYPRUS PROSPERITY,Fujairah Light.,Fujairah Light,1865620,True,True,,unknown,,1865620
89,Maran Mira,9870800,Al Riqqa,9534808,Fujairah Light.,2026-06-21 00:00:00,2026-06-22 00:00:00,2000002,278228,Crude,Kuwait,394747152,Gulf of Oman,MARAN MIRA,AL RIQQA,Fujairah Light.,Fujairah Light,2000002,True,False,Mina Al Fahal,hormuz_side_load,Oman,2000002
90,Nissos Rhenia,9845685,Al Funtas,9653408,Sohar Light.,2026-06-20 00:00:00,2026-06-21 00:00:00,2000002,278228,Crude,Kuwait,391097218,Gulf of Oman,NISSOS RHENIA,AL FUNTAS,Sohar Light.,Sohar Light,2000002,True,False,,unknown,,2000002
91,Front Surna,1087512,Cameroon Prosperity,9315159,Fujairah Light.,2026-06-18 00:00:00,2026-06-19 00:00:00,2000002,271550,Crude,Zakum,390983361,Gulf of Oman,FRONT SURNA,CAMEROON PROSPERITY,Fujairah Light.,Fujairah Light,2000002,True,False,,unknown,,2000002
