date,rasTanura_10,rasTanura_11,rasTanura_12,rasTanura_13,rasTanura_14,rasTanura_15,rasTanura_16,rasTanura_17,rasTanura_18,rasTanura_19,rasTanura_20,rasTanura_21,rasTanura_22,rasTanura_23,rasTanura_24,rasTanura_25,rasTanura_26,rasTanura_27,rasTanura_28,rasTanura_29,rasTanura_30,rasTanura_31,rasTanura_32,rasTanura_33,rasTanura_34,rasTanura_35,rasTanura_36,rasTanura_37,rasTanura_38,rasTanura_39,rasTanura_40,rasTanura_41,rasTanura_42,rasTanura_43,rasTanura_44,rasTanura_45,rasTanura_46,rasTanura_47,rasTanura_49,rasTanura_50,rasTanura_51,rasTanura_52,rasTanura_53,rasTanura_54,rasTanura_55,rasTanura_56,rasTanura_57,rasTanura_58,rasTanura_59,rasTanura_6,rasTanura_60,rasTanura_61,rasTanura_62,rasTanura_63,rasTanura_64,rasTanura_66,rasTanura_67,rasTanura_7,rasTanura_8,rasTanura_9,total_build,total_draw
2026-06-17,0.0,0.0,0.0,0.0,0.0,0.0,0.0,0.0,0.0,0.0,0.0,0.0,0.0,0.0,0.0,0.0,0.0,0.0,0.0,0.0,0.0,0.0,0.0,0.0,0.0,0.0,0.0,0.0,0.0,0.0,0.0,0.0,0.0,0.0,0.0,0.0,0.0,0.0,0.0,0.0,0.0,0.0,0.0,0.0,0.0,0.0,0.0,0.0,0.0,0.0,0.0,0.0,0.0,0.0,0.0,0.0,0.0,0.0,0.0,0.0,0.0,0.0
2026-06-18,-5.347809077785467,0.0,0.0,-7.114220994290605,-1.52266494696046,-38.458425219074186,-3.218769249920559,-9.43870976593066,-5.120145737843472,-6.193134580855957,148.16756664558605,0.0,0.014509537272097077,-3.0984729454437914,-5.573391488261958,-0.42796352108832797,-81.63395371904996,-5.889162219030579,0.0,13.475556107407028,85.16305116887652,-58.56419336450222,36.21322596230746,-1.9087416015431664,31.929427445666864,11.482106428723695,-100.00452030865368,-6.02602493859132,102.79760512598796,-0.09348879038704036,-3.9753194915512142,3.7288616257873364,80.4575730141454,112.80373639877759,-18.891334921206973,-49.40324952050373,-1.9958242764078895,1.4875210789762787,65.92420624972598,-2.4313574956131925,23.118809110878413,-34.83398705563552,-93.27269567411479,50.86022506048111,103.19165367531349,-119.30596840157175,-11.290305935490178,-62.90748120099778,-4.221245188765606,0.0,-91.60064702701386,-1.2320993028028462,86.68574253094424,53.2621851859115,-4.627348924570484,-83.85307738580109,108.01928414118215,-75.08430379671266,-272.2303188292511,50.72335264244356,1169.5061991363948,-1270.790356897224
2026-06-19,0.0,0.0,0.0,0.0,0.0,0.0,0.0,0.0,0.0,0.0,0.0,0.0,0.0,0.0,0.0,0.0,0.0,0.0,0.0,0.0,0.0,0.0,0.0,0.0,0.0,0.0,0.0,0.0,0.0,0.0,0.0,0.0,0.0,0.0,0.0,0.0,0.0,0.0,0.0,0.0,0.0,0.0,0.0,0.0,0.0,0.0,0.0,0.0,0.0,0.0,0.0,0.0,0.0,0.0,0.0,0.0,0.0,0.0,0.0,0.0,0.0,0.0
2026-06-20,0.0,0.0,0.0,0.0,0.0,0.0,0.0,0.0,0.0,0.0,0.0,0.0,0.0,0.0,0.0,0.0,0.0,0.0,0.0,0.0,0.0,0.0,0.0,0.0,0.0,0.0,0.0,0.0,0.0,0.0,0.0,0.0,0.0,0.0,0.0,0.0,0.0,0.0,0.0,0.0,0.0,0.0,0.0,0.0,0.0,0.0,0.0,0.0,0.0,0.0,0.0,0.0,0.0,0.0,0.0,0.0,0.0,0.0,0.0,0.0,0.0,0.0
2026-06-21,0.0,0.0,0.0,0.0,0.0,0.0,0.0,0.0,0.0,0.0,0.0,0.0,0.0,0.0,0.0,0.0,0.0,0.0,0.0,0.0,0.0,0.0,0.0,0.0,0.0,0.0,0.0,0.0,0.0,0.0,0.0,0.0,0.0,0.0,0.0,0.0,0.0,0.0,0.0,0.0,0.0,0.0,0.0,0.0,0.0,0.0,0.0,0.0,0.0,0.0,0.0,0.0,0.0,0.0,0.0,0.0,0.0,0.0,0.0,0.0,0.0,0.0
2026-06-22,0.0,0.0,0.0,0.0,0.0,0.0,0.0,0.0,0.0,0.0,0.0,0.0,0.0,0.0,0.0,0.0,0.0,0.0,0.0,0.0,0.0,0.0,0.0,0.0,0.0,0.0,0.0,0.0,0.0,0.0,0.0,0.0,0.0,0.0,0.0,0.0,0.0,0.0,0.0,0.0,0.0,0.0,0.0,0.0,0.0,0.0,0.0,0.0,0.0,0.0,0.0,0.0,0.0,0.0,0.0,0.0,0.0,0.0,0.0,0.0,0.0,0.0
2026-06-23,-0.6988207943943562,0.0,0.0,7.870080531009997,0.2728082070537203,3.258472572613042,-1.0973231159353745,5.285659103729296,25.920756509829662,-0.13231160514522344,6.5245265830808785,0.0,-31.74398993224307,-2.4271261773117296,4.997886591127463,-3.538546709677408,11.387281385833893,-6.487701803254459,0.0,-8.154014347624296,0.0,8.360064875668991,3.3484557638788246,0.966718394369862,0.0,5.279704511050659,1.005229534668353,3.087371039571561,4.441202152440645,9.301080499956399,78.5856675648351,-3.554325290833891,-6.35170040974117,4.75797840888091,-57.1192815661904,-53.038664886757154,0.8818424240741879,2.220735774389061,57.85025019487095,-64.56772012944317,66.27229710653248,33.87158437712472,93.27269567411479,-5.679644572008401,-37.59447248093065,120.27197514525253,22.48446698345762,-1.097886787715732,83.51629465712809,0.0,91.60064702701386,1.6270488976934139,-1.866143918191141,0.20729679449826655,184.89623714555202,73.44381923957162,-71.48649272694628,4.692803139442753,17.86556196090681,-30.09234711143188,1039.6265007712225,-386.72851436577577
2026-06-24,0.0,0.0,0.0,0.0,0.0,0.0,0.0,0.0,0.0,0.0,0.0,0.0,0.0,0.0,0.0,0.0,0.0,0.0,0.0,0.0,0.0,0.0,0.0,0.0,0.0,0.0,0.0,0.0,0.0,0.0,0.0,0.0,0.0,0.0,0.0,0.0,0.0,0.0,0.0,0.0,0.0,0.0,0.0,0.0,0.0,0.0,0.0,0.0,0.0,0.0,0.0,0.0,0.0,0.0,0.0,0.0,0.0,0.0,0.0,0.0,0.0,0.0
2026-06-25,0.0,0.0,0.0,0.0,0.0,0.0,0.0,0.0,0.0,0.0,0.0,0.0,0.0,0.0,0.0,0.0,0.0,0.0,0.0,0.0,0.0,0.0,0.0,0.0,0.0,0.0,0.0,0.0,0.0,0.0,0.0,0.0,0.0,0.0,0.0,0.0,0.0,0.0,0.0,0.0,0.0,0.0,0.0,0.0,0.0,0.0,0.0,0.0,0.0,0.0,0.0,0.0,0.0,0.0,0.0,0.0,0.0,0.0,0.0,0.0,0.0,0.0
2026-06-26,0.0,0.0,0.0,0.0,0.0,0.0,0.0,0.0,0.0,0.0,0.0,0.0,0.0,0.0,0.0,0.0,0.0,0.0,0.0,0.0,0.0,0.0,0.0,0.0,0.0,0.0,0.0,0.0,0.0,0.0,0.0,0.0,0.0,0.0,0.0,0.0,0.0,0.0,0.0,0.0,0.0,0.0,0.0,0.0,0.0,0.0,0.0,0.0,0.0,0.0,0.0,0.0,0.0,0.0,0.0,0.0,0.0,0.0,0.0,0.0,0.0,0.0
2026-06-27,0.0,0.0,0.0,0.0,0.0,0.0,0.0,0.0,0.0,0.0,0.0,0.0,0.0,0.0,0.0,0.0,0.0,0.0,0.0,0.0,0.0,0.0,0.0,0.0,0.0,0.0,0.0,0.0,0.0,0.0,0.0,0.0,0.0,0.0,0.0,0.0,0.0,0.0,0.0,0.0,0.0,0.0,0.0,0.0,0.0,0.0,0.0,0.0,0.0,0.0,0.0,0.0,0.0,0.0,0.0,0.0,0.0,0.0,0.0,0.0,0.0,0.0
2026-06-28,0.0,0.0,0.0,0.0,0.0,0.0,0.0,0.0,0.0,0.0,0.0,0.0,0.0,0.0,0.0,0.0,0.0,0.0,0.0,0.0,0.0,0.0,0.0,0.0,0.0,0.0,0.0,0.0,0.0,0.0,0.0,0.0,0.0,0.0,0.0,0.0,0.0,0.0,0.0,0.0,0.0,0.0,0.0,0.0,0.0,0.0,0.0,0.0,0.0,0.0,0.0,0.0,0.0,0.0,0.0,0.0,0.0,0.0,0.0,0.0,0.0,0.0
2026-06-29,0.0,0.0,0.0,0.0,0.0,0.0,0.0,0.0,0.0,0.0,0.0,0.0,0.0,0.0,0.0,0.0,0.0,0.0,0.0,0.0,0.0,0.0,0.0,0.0,0.0,0.0,0.0,0.0,0.0,0.0,0.0,0.0,0.0,0.0,0.0,0.0,0.0,0.0,0.0,0.0,0.0,0.0,0.0,0.0,0.0,0.0,0.0,0.0,0.0,0.0,0.0,0.0,0.0,0.0,0.0,0.0,0.0,0.0,0.0,0.0,0.0,0.0
2026-06-30,-347.26598818318223,0.0,-4.673759717714507,-12.342146825116302,-1.544248988529056,-3.3384847832368107,0.29690199653443416,-9.21863647141261,210.44725428362028,281.95026685046105,0.048520510775386355,0.0,8.429220501949079,1.0258171909889207,-217.10843003675387,-184.4935219671977,-37.83112145276877,-204.0215175784313,-9.890182032905868,3.716951411105285,-131.88665881486398,3.711011349765715,-99.59962099852325,-77.3843460928572,0.0,-5.282063697814825,3.101508186415973,-2.757261617812212,-108.09013842064198,-120.08903679382574,45.418904652250426,1.4992123798439863,-30.79946440899765,-78.51125249891325,125.16019954738726,96.01226701517852,-1.6311511178335931,112.46458588545357,-122.09561565206896,70.26885832107973,8.451398529783765,71.37061613265047,-116.07518895674305,-111.27529863995854,37.59447248093065,-115.19116155792221,-18.454043336897943,-2.3081981737190365,-2.4733983227374994,0.0,0.0,-1.9601737237753987,-77.97831812747121,32.084528414433535,-249.55941027703636,-51.375679176394264,-2.677183945125755,81.30672221944552,39.89497780898438,-4.476291782110638,1234.2541956690377,-2563.6589941712937
2026-07-01,0.0,0.0,0.0,0.0,0.0,0.0,0.0,0.0,0.0,0.0,0.0,0.0,0.0,0.0,0.0,0.0,0.0,0.0,0.0,0.0,0.0,0.0,0.0,0.0,0.0,0.0,0.0,0.0,0.0,0.0,0.0,0.0,0.0,0.0,0.0,0.0,0.0,0.0,0.0,0.0,0.0,0.0,0.0,0.0,0.0,0.0,0.0,0.0,0.0,0.0,0.0,0.0,0.0,0.0,0.0,0.0,0.0,0.0,0.0,0.0,0.0,0.0
2026-07-02,0.0,0.0,0.0,0.0,0.0,0.0,0.0,0.0,0.0,0.0,0.0,0.0,0.0,0.0,0.0,0.0,0.0,0.0,0.0,0.0,0.0,0.0,0.0,0.0,0.0,0.0,0.0,0.0,0.0,0.0,0.0,0.0,0.0,0.0,0.0,0.0,0.0,0.0,0.0,0.0,0.0,0.0,0.0,0.0,0.0,0.0,0.0,0.0,0.0,0.0,0.0,0.0,0.0,0.0,0.0,0.0,0.0,0.0,0.0,0.0,0.0,0.0
2026-07-03,0.0,0.0,0.0,0.0,0.0,0.0,0.0,0.0,0.0,0.0,0.0,0.0,0.0,0.0,0.0,0.0,0.0,0.0,0.0,0.0,0.0,0.0,0.0,0.0,0.0,0.0,0.0,0.0,0.0,0.0,0.0,0.0,0.0,0.0,0.0,0.0,0.0,0.0,0.0,0.0,0.0,0.0,0.0,0.0,0.0,0.0,0.0,0.0,0.0,0.0,0.0,0.0,0.0,0.0,0.0,0.0,0.0,0.0,0.0,0.0,0.0,0.0
2026-07-04,0.0,0.0,0.0,0.0,0.0,0.0,0.0,0.0,0.0,0.0,0.0,0.0,0.0,0.0,0.0,0.0,0.0,0.0,0.0,0.0,0.0,0.0,0.0,0.0,0.0,0.0,0.0,0.0,0.0,0.0,0.0,0.0,0.0,0.0,0.0,0.0,0.0,0.0,0.0,0.0,0.0,0.0,0.0,0.0,0.0,0.0,0.0,0.0,0.0,0.0,0.0,0.0,0.0,0.0,0.0,0.0,0.0,0.0,0.0,0.0,0.0,0.0
2026-07-05,0.0,0.0,0.0,0.0,0.0,0.0,0.0,0.0,0.0,0.0,0.0,0.0,0.0,0.0,0.0,0.0,0.0,0.0,0.0,0.0,0.0,0.0,0.0,0.0,0.0,0.0,0.0,0.0,0.0,0.0,0.0,0.0,0.0,0.0,0.0,0.0,0.0,0.0,0.0,0.0,0.0,0.0,0.0,0.0,0.0,0.0,0.0,0.0,0.0,0.0,0.0,0.0,0.0,0.0,0.0,0.0,0.0,0.0,0.0,0.0,0.0,0.0
2026-07-06,22.368645169055323,-237.9776065071993,-437.23412362333517,-1.6704775120200939,241.05300761337213,244.0991544174774,-2.373230962833506,-1.2097740811463447,-604.6186021291305,386.4412358641234,-254.85172034960385,0.0,9.640985171776382,-1.3542474792814465,268.6821361127041,180.8203143769335,212.81198180719878,204.39572491939617,-500.77994039736603,-1.2086481267629716,0.8399448580721218,-15.65837383708889,-1.2287778945048193,-1.6235339732972789,0.0,140.38422050514112,91.09610943428336,-2.2488768796760996,133.02999568465688,19.33272582476819,-14.872888834112702,-1.1293136609738577,11.767858812962135,78.9180759522449,-88.20947889422992,-28.204940398179986,-0.6485990807351191,0.09597947720310185,-0.8034609565539577,41.20868009597028,-107.2602697016092,-3.109139521039353,-3.8142275998625847,113.21382667007585,-118.58260815049587,92.48794034029851,-99.08300686281963,0.38727583223563855,-2.4738448471080337,-556.7199651979175,-21.86952498978851,-0.8884577311497851,75.70377079229092,-90.25315897587956,-88.5755800302513,-6.46587958620413,-40.570495639963035,5.067150438576646,-2.2864716463087826,-392.4746901761709,2573.8467401708167,-3732.3339362346
2026-07-07,0.0,0.0,0.0,0.0,0.0,0.0,0.0,0.0,0.0,0.0,0.0,0.0,0.0,0.0,0.0,0.0,0.0,0.0,0.0,0.0,0.0,0.0,0.0,0.0,0.0,0.0,0.0,0.0,0.0,0.0,0.0,0.0,0.0,0.0,0.0,0.0,0.0,0.0,0.0,0.0,0.0,0.0,0.0,0.0,0.0,0.0,0.0,0.0,0.0,0.0,0.0,0.0,0.0,0.0,0.0,0.0,0.0,0.0,0.0,0.0,0.0,0.0
2026-07-08,0.0,0.0,0.0,0.0,0.0,0.0,0.0,0.0,0.0,0.0,0.0,0.0,0.0,0.0,0.0,0.0,0.0,0.0,0.0,0.0,0.0,0.0,0.0,0.0,0.0,0.0,0.0,0.0,0.0,0.0,0.0,0.0,0.0,0.0,0.0,0.0,0.0,0.0,0.0,0.0,0.0,0.0,0.0,0.0,0.0,0.0,0.0,0.0,0.0,0.0,0.0,0.0,0.0,0.0,0.0,0.0,0.0,0.0,0.0,0.0,0.0,0.0
2026-07-09,0.0,0.0,0.0,0.0,0.0,0.0,0.0,0.0,0.0,0.0,0.0,0.0,0.0,0.0,0.0,0.0,0.0,0.0,0.0,0.0,0.0,0.0,0.0,0.0,0.0,0.0,0.0,0.0,0.0,0.0,0.0,0.0,0.0,0.0,0.0,0.0,0.0,0.0,0.0,0.0,0.0,0.0,0.0,0.0,0.0,0.0,0.0,0.0,0.0,0.0,0.0,0.0,0.0,0.0,0.0,0.0,0.0,0.0,0.0,0.0,0.0,0.0
2026-07-10,0.0,0.0,0.0,0.0,0.0,0.0,0.0,0.0,0.0,0.0,0.0,0.0,0.0,0.0,0.0,0.0,0.0,0.0,0.0,0.0,0.0,0.0,0.0,0.0,0.0,0.0,0.0,0.0,0.0,0.0,0.0,0.0,0.0,0.0,0.0,0.0,0.0,0.0,0.0,0.0,0.0,0.0,0.0,0.0,0.0,0.0,0.0,0.0,0.0,0.0,0.0,0.0,0.0,0.0,0.0,0.0,0.0,0.0,0.0,0.0,0.0,0.0
2026-07-11,0.0,0.0,0.0,0.0,0.0,0.0,0.0,0.0,0.0,0.0,0.0,0.0,0.0,0.0,0.0,0.0,0.0,0.0,0.0,0.0,0.0,0.0,0.0,0.0,0.0,0.0,0.0,0.0,0.0,0.0,0.0,0.0,0.0,0.0,0.0,0.0,0.0,0.0,0.0,0.0,0.0,0.0,0.0,0.0,0.0,0.0,0.0,0.0,0.0,0.0,0.0,0.0,0.0,0.0,0.0,0.0,0.0,0.0,0.0,0.0,0.0,0.0
2026-07-12,0.08382162311393768,-1.5983985012138728,-0.9751368012270542,16.8562132272367,0.0,-5.76132660339924,-0.09424939666781575,2.2312003181227484,23.192977395048597,439.31879827852373,-0.26799133164575323,-0.752331319841207,-11.268184397775563,-3.0715451427652734,-45.357365828643964,-37.610503740388985,0.0,-208.453437978858,-211.6451310177538,-5.9079962237262516,104.91114354875829,-3.245240271089133,62.181510708419346,0.4334294760727644,0.0,-151.84445353731297,0.9628041058289236,-1.268957666611881,-125.99581079936456,4.799405579328494,-4.690282778745256,-0.827731681055826,20.123828522238327,0.0,37.77372077473189,-73.8152079110146,0.15143231025731074,-124.10849966628605,68.1642349235318,-23.72079838987379,-6.204457991415067,26.583146045968547,119.88941655660564,3.584896361278545,94.1730077467432,-95.7293679669102,117.53705019971758,-17.58743561944594,0.9063741521992779,-2.112829553183983,21.86952498978851,0.27724255020785493,-67.90940233855508,6.496570392458191,295.51796360509746,27.901201094182426,117.8622643626526,-5.592056100845046,-2.6764705513154623,0.18914060515118764,1613.972319453264,-1240.0926011069314
2026-07-13,0.0,0.0,0.0,0.0,0.0,0.0,0.0,0.0,0.0,0.0,0.0,0.0,0.0,0.0,0.0,0.0,0.0,0.0,0.0,0.0,0.0,0.0,0.0,0.0,0.0,0.0,0.0,0.0,0.0,0.0,0.0,0.0,0.0,0.0,0.0,0.0,0.0,0.0,0.0,0.0,0.0,0.0,0.0,0.0,0.0,0.0,0.0,0.0,0.0,0.0,0.0,0.0,0.0,0.0,0.0,0.0,0.0,0.0,0.0,0.0,0.0,0.0
2026-07-14,0.0,0.0,0.0,0.0,0.0,0.0,0.0,0.0,0.0,0.0,0.0,0.0,0.0,0.0,0.0,0.0,0.0,0.0,0.0,0.0,0.0,0.0,0.0,0.0,0.0,0.0,0.0,0.0,0.0,0.0,0.0,0.0,0.0,0.0,0.0,0.0,0.0,0.0,0.0,0.0,0.0,0.0,0.0,0.0,0.0,0.0,0.0,0.0,0.0,0.0,0.0,0.0,0.0,0.0,0.0,0.0,0.0,0.0,0.0,0.0,0.0,0.0
2026-07-15,0.0,0.0,0.0,0.0,0.0,0.0,0.0,0.0,0.0,0.0,0.0,0.0,0.0,0.0,0.0,0.0,0.0,0.0,0.0,0.0,0.0,0.0,0.0,0.0,0.0,0.0,0.0,0.0,0.0,0.0,0.0,0.0,0.0,0.0,0.0,0.0,0.0,0.0,0.0,0.0,0.0,0.0,0.0,0.0,0.0,0.0,0.0,0.0,0.0,0.0,0.0,0.0,0.0,0.0,0.0,0.0,0.0,0.0,0.0,0.0,0.0,0.0
2026-07-16,0.0,0.0,0.0,0.0,0.0,0.0,0.0,0.0,0.0,0.0,0.0,0.0,0.0,0.0,0.0,0.0,0.0,0.0,0.0,0.0,0.0,0.0,0.0,0.0,0.0,0.0,0.0,0.0,0.0,0.0,0.0,0.0,0.0,0.0,0.0,0.0,0.0,0.0,0.0,0.0,0.0,0.0,0.0,0.0,0.0,0.0,0.0,0.0,0.0,0.0,0.0,0.0,0.0,0.0,0.0,0.0,0.0,0.0,0.0,0.0,0.0,0.0
2026-07-17,0.0,0.0,0.0,0.0,0.0,0.0,0.0,0.0,0.0,0.0,0.0,0.0,0.0,0.0,0.0,0.0,0.0,0.0,0.0,0.0,0.0,0.0,0.0,0.0,0.0,0.0,0.0,0.0,0.0,0.0,0.0,0.0,0.0,0.0,0.0,0.0,0.0,0.0,0.0,0.0,0.0,0.0,0.0,0.0,0.0,0.0,0.0,0.0,0.0,0.0,0.0,0.0,0.0,0.0,0.0,0.0,0.0,0.0,0.0,0.0,0.0,0.0
2026-07-18,363.6865738960689,161.12864436787262,3.444751929255377,5.400875078055892,0.0,-0.4125567278812523,-27.12014084173774,2.1151727227845694,521.5613138347151,-472.3931560426605,1.8885400760810007,-403.0941102968638,13.718351763129117,1.4661241952099373,-4.342996452253952,40.40319352128488,0.0,220.45609466017817,366.8687250939439,0.3555404151038674,6.789577554054034,82.25017450016574,28.961614902299974,124.25982246548698,0.0,151.84445353731297,0.028657053166913103,0.7141509745276999,5.550688756953692,123.20710801572936,5.706257844301872,18.998565774538992,-12.992402393494325,0.0,-50.664629883119574,108.44979570127694,0.11364681923034368,7.046430633775613,55.490670168300746,-92.54786402241771,93.23214748079836,0.0,-60.16544822672193,-1.2134504630646261,-85.66979444195735,32.814339151414735,-118.50715713927185,45.24996450141489,0.6779637495026546,189.92891173854906,-94.84113916392775,0.3621570720715245,55.78419785764166,86.44214576601419,42.61702670219022,0.17721909746984602,-81.49249570835956,-12.518111568777705,3.9030524929736274,254.79899468556675,3227.8936365504132,-1517.9754533725095
2026-07-19,0.0,0.0,0.0,0.0,0.0,0.0,0.0,0.0,0.0,0.0,0.0,0.0,0.0,0.0,0.0,0.0,0.0,0.0,0.0,0.0,0.0,0.0,0.0,0.0,0.0,0.0,0.0,0.0,0.0,0.0,0.0,0.0,0.0,0.0,0.0,0.0,0.0,0.0,0.0,0.0,0.0,0.0,0.0,0.0,0.0,0.0,0.0,0.0,0.0,0.0,0.0,0.0,0.0,0.0,0.0,0.0,0.0,0.0,0.0,0.0,0.0,0.0
2026-07-20,0.0,0.0,0.0,0.0,0.0,0.0,0.0,0.0,0.0,0.0,0.0,0.0,0.0,0.0,0.0,0.0,0.0,0.0,0.0,0.0,0.0,0.0,0.0,0.0,0.0,0.0,0.0,0.0,0.0,0.0,0.0,0.0,0.0,0.0,0.0,0.0,0.0,0.0,0.0,0.0,0.0,0.0,0.0,0.0,0.0,0.0,0.0,0.0,0.0,0.0,0.0,0.0,0.0,0.0,0.0,0.0,0.0,0.0,0.0,0.0,0.0,0.0
2026-07-21,0.0,0.0,0.0,0.0,0.0,0.0,0.0,0.0,0.0,0.0,0.0,0.0,0.0,0.0,0.0,0.0,0.0,0.0,0.0,0.0,0.0,0.0,0.0,0.0,0.0,0.0,0.0,0.0,0.0,0.0,0.0,0.0,0.0,0.0,0.0,0.0,0.0,0.0,0.0,0.0,0.0,0.0,0.0,0.0,0.0,0.0,0.0,0.0,0.0,0.0,0.0,0.0,0.0,0.0,0.0,0.0,0.0,0.0,0.0,0.0,0.0,0.0
2026-07-22,0.0,0.0,0.0,0.0,0.0,0.0,0.0,0.0,0.0,0.0,0.0,0.0,0.0,0.0,0.0,0.0,0.0,0.0,0.0,0.0,0.0,0.0,0.0,0.0,0.0,0.0,0.0,0.0,0.0,0.0,0.0,0.0,0.0,0.0,0.0,0.0,0.0,0.0,0.0,0.0,0.0,0.0,0.0,0.0,0.0,0.0,0.0,0.0,0.0,0.0,0.0,0.0,0.0,0.0,0.0,0.0,0.0,0.0,0.0,0.0,0.0,0.0
2026-07-23,0.0,0.0,0.0,0.0,0.0,0.0,0.0,0.0,0.0,0.0,0.0,0.0,0.0,0.0,0.0,0.0,0.0,0.0,0.0,0.0,0.0,0.0,0.0,0.0,0.0,0.0,0.0,0.0,0.0,0.0,0.0,0.0,0.0,0.0,0.0,0.0,0.0,0.0,0.0,0.0,0.0,0.0,0.0,0.0,0.0,0.0,0.0,0.0,0.0,0.0,0.0,0.0,0.0,0.0,0.0,0.0,0.0,0.0,0.0,0.0,0.0,0.0
2026-07-24,0.0,-11.445499070207937,-4.782213941494003,-2.722961292851367,0.0,2.1941910093633923,4.5547243765211896,-9.380037612291984,-587.5980154200732,407.724960849397,3.3997780031878504,-2.1843401085010266,0.0993376727612922,4.687901982688054,-33.580964284099956,2.5838765172100104,0.0,-12.87926734543356,20.10713620806369,3.592277714375261,-0.5185507683834876,8.401799824558344,-0.2814450577523094,-9.773083512885526,0.0,-148.8265126073694,-28.149260762299907,-1.9092713966264565,10.658717165446971,0.0,-0.5987656847670442,-39.99590983284841,2.926643695792358,-98.50671066698054,101.1003880026176,0.0,-0.27140369475251647,-20.89541529561316,-123.92794526603542,-15.29555768015691,-15.12724190750299,-127.68050902613965,52.5449055400514,-41.31534347684295,55.648053094456266,85.61825003311917,118.50715713927185,-27.866961802985127,-82.29211151047234,-4.058959499754186,3.864319950951831,-1.4046885608235897,23.448977051258975,-6.88490533020052,-130.74289828565838,-49.561683127031635,43.67683067130836,53.81676578572334,215.5296687640105,33.3088106841289,1257.9954717362637,-1640.4584338288355
2026-07-25,0.0,0.0,0.0,0.0,0.0,0.0,0.0,0.0,0.0,0.0,0.0,0.0,0.0,0.0,0.0,0.0,0.0,0.0,0.0,0.0,0.0,0.0,0.0,0.0,0.0,0.0,0.0,0.0,0.0,0.0,0.0,0.0,0.0,0.0,0.0,0.0,0.0,0.0,0.0,0.0,0.0,0.0,0.0,0.0,0.0,0.0,0.0,0.0,0.0,0.0,0.0,0.0,0.0,0.0,0.0,0.0,0.0,0.0,0.0,0.0,0.0,0.0
2026-07-26,0.0,0.0,0.0,0.0,0.0,0.0,0.0,0.0,0.0,0.0,0.0,0.0,0.0,0.0,0.0,0.0,0.0,0.0,0.0,0.0,0.0,0.0,0.0,0.0,0.0,0.0,0.0,0.0,0.0,0.0,0.0,0.0,0.0,0.0,0.0,0.0,0.0,0.0,0.0,0.0,0.0,0.0,0.0,0.0,0.0,0.0,0.0,0.0,0.0,0.0,0.0,0.0,0.0,0.0,0.0,0.0,0.0,0.0,0.0,0.0,0.0,0.0
2026-07-27,0.0,0.0,0.0,0.0,0.0,0.0,0.0,0.0,0.0,0.0,0.0,0.0,0.0,0.0,0.0,0.0,0.0,0.0,0.0,0.0,0.0,0.0,0.0,0.0,0.0,0.0,0.0,0.0,0.0,0.0,0.0,0.0,0.0,0.0,0.0,0.0,0.0,0.0,0.0,0.0,0.0,0.0,0.0,0.0,0.0,0.0,0.0,0.0,0.0,0.0,0.0,0.0,0.0,0.0,0.0,0.0,0.0,0.0,0.0,0.0,0.0,0.0
2026-07-28,0.0,0.0,0.0,0.0,0.0,0.0,0.0,0.0,0.0,0.0,0.0,0.0,0.0,0.0,0.0,0.0,0.0,0.0,0.0,0.0,0.0,0.0,0.0,0.0,0.0,0.0,0.0,0.0,0.0,0.0,0.0,0.0,0.0,0.0,0.0,0.0,0.0,0.0,0.0,0.0,0.0,0.0,0.0,0.0,0.0,0.0,0.0,0.0,0.0,0.0,0.0,0.0,0.0,0.0,0.0,0.0,0.0,0.0,0.0,0.0,0.0,0.0
2026-07-29,0.0,0.0,0.0,0.0,0.0,0.0,0.0,0.0,0.0,0.0,0.0,0.0,0.0,0.0,0.0,0.0,0.0,0.0,0.0,0.0,0.0,0.0,0.0,0.0,0.0,0.0,0.0,0.0,0.0,0.0,0.0,0.0,0.0,0.0,0.0,0.0,0.0,0.0,0.0,0.0,0.0,0.0,0.0,0.0,0.0,0.0,0.0,0.0,0.0,0.0,0.0,0.0,0.0,0.0,0.0,0.0,0.0,0.0,0.0,0.0,0.0,0.0
2026-07-30,0.0,8.673536646282999,24.475716660420236,426.4290809943503,-52.77629934703419,-267.5939594111262,-150.99061976923596,11.165099008031655,213.91976690841443,-331.32683600892756,4.170893136438681,4.773872480906255,-14.232716802537325,57.328797879493855,0.0994354679803073,-47.93755465071675,-110.26628197219235,12.87926734543356,46.70506917407783,-1.234628458121617,-0.12126435542799299,18.03867961581587,-0.9700562404927041,9.773083512885526,0.0,8.979138849775714,0.7622179253186915,1.5432634759646608,127.56503595857481,0.0,20.486463010865613,39.99590983284841,-7.535353067537042,-16.489086610871308,-96.12246434421783,0.0,0.33564141331633435,0.7699707906056429,26.151521937514875,5.63523719695599,35.359822119728896,99.99968212566725,-108.6623794593994,6.555342259953817,-63.0024715006152,0.0,-25.33901843329816,-15.59590535985287,83.39871334220149,11.776596448587837,90.97681921297591,1.8386015182028497,-97.9779429490302,6.88490533020052,-3.3736979656136827,1.3415868320942246,-77.0382573420899,-4.806757558625017,0.0,28.084036174376322,1436.8728045862615,-1493.3935516069632
2026-07-31,0.0,0.0,0.0,0.0,0.0,0.0,0.0,0.0,0.0,0.0,0.0,0.0,0.0,0.0,0.0,0.0,0.0,0.0,0.0,0.0,0.0,0.0,0.0,0.0,0.0,0.0,0.0,0.0,0.0,0.0,0.0,0.0,0.0,0.0,0.0,0.0,0.0,0.0,0.0,0.0,0.0,0.0,0.0,0.0,0.0,0.0,0.0,0.0,0.0,0.0,0.0,0.0,0.0,0.0,0.0,0.0,0.0,0.0,0.0,0.0,0.0,0.0
2026-08-01,0.0,0.0,0.0,0.0,0.0,0.0,0.0,0.0,0.0,0.0,0.0,0.0,0.0,0.0,0.0,0.0,0.0,0.0,0.0,0.0,0.0,0.0,0.0,0.0,0.0,0.0,0.0,0.0,0.0,0.0,0.0,0.0,0.0,0.0,0.0,0.0,0.0,0.0,0.0,0.0,0.0,0.0,0.0,0.0,0.0,0.0,0.0,0.0,0.0,0.0,0.0,0.0,0.0,0.0,0.0,0.0,0.0,0.0,0.0,0.0,0.0,0.0
2026-08-02,0.0,0.0,0.0,0.0,0.0,0.0,0.0,0.0,0.0,0.0,0.0,0.0,0.0,0.0,0.0,0.0,0.0,0.0,0.0,0.0,0.0,0.0,0.0,0.0,0.0,0.0,0.0,0.0,0.0,0.0,0.0,0.0,0.0,0.0,0.0,0.0,0.0,0.0,0.0,0.0,0.0,0.0,0.0,0.0,0.0,0.0,0.0,0.0,0.0,0.0,0.0,0.0,0.0,0.0,0.0,0.0,0.0,0.0,0.0,0.0,0.0,0.0
2026-08-03,0.0,0.0,0.0,0.0,0.0,0.0,0.0,0.0,0.0,0.0,0.0,0.0,0.0,0.0,0.0,0.0,0.0,0.0,0.0,0.0,0.0,0.0,0.0,0.0,0.0,0.0,0.0,0.0,0.0,0.0,0.0,0.0,0.0,0.0,0.0,0.0,0.0,0.0,0.0,0.0,0.0,0.0,0.0,0.0,0.0,0.0,0.0,0.0,0.0,0.0,0.0,0.0,0.0,0.0,0.0,0.0,0.0,0.0,0.0,0.0,0.0,0.0
2026-08-04,0.0,0.0,0.0,0.0,0.0,0.0,0.0,0.0,0.0,0.0,0.0,0.0,0.0,0.0,0.0,0.0,0.0,0.0,0.0,0.0,0.0,0.0,0.0,0.0,0.0,0.0,0.0,0.0,0.0,0.0,0.0,0.0,0.0,0.0,0.0,0.0,0.0,0.0,0.0,0.0,0.0,0.0,0.0,0.0,0.0,0.0,0.0,0.0,0.0,0.0,0.0,0.0,0.0,0.0,0.0,0.0,0.0,0.0,0.0,0.0,0.0,0.0
2026-08-05,0.0,6.52744525406143,-6.142552948896599,0.0,-6.059157683689235,3.1648405000757776,2.133098449309473,2.452182400479913,346.0964697409903,100.2941586484122,59.42910704447923,1.1475703383608489,-4.739781355626474,0.0,9.802126850177011,3.7676379697373488,3.138392453342094,-4.233330350718636,17.59567287158384,2.7903890519661365,1.6028592891641311,-23.03128201149873,1.8734225500105532,-18.4918422392105,0.0,4.998899494422221,21.213562056563358,-0.17688220629064016,0.0,0.0,0.0,0.0,-86.49413328538292,93.25511949896988,-27.264577838560495,-7.674121644530591,0.19907325203533402,-0.4266584723131964,0.5259581675545196,1.077829462480804,-13.713393783875626,6.4826082147446,97.36834728985279,37.693506163461166,3.9347789042554213,-115.36267876485735,-95.20968557597023,17.588905801753995,-82.36059136989331,2.930386519077234,-14.098334096505278,0.7528901136812638,89.6002836368056,0.0,9.396433626306825,88.392493012113,90.1083345615932,4.806757558625017,0.0,13.15104394636961,1145.292584692816,-505.4790036278198
2026-08-06,0.0,0.0,0.0,0.0,0.0,0.0,0.0,0.0,0.0,0.0,0.0,0.0,0.0,0.0,0.0,0.0,0.0,0.0,0.0,0.0,0.0,0.0,0.0,0.0,0.0,0.0,0.0,0.0,0.0,0.0,0.0,0.0,0.0,0.0,0.0,0.0,0.0,0.0,0.0,0.0,0.0,0.0,0.0,0.0,0.0,0.0,0.0,0.0,0.0,0.0,0.0,0.0,0.0,0.0,0.0,0.0,0.0,0.0,0.0,0.0,0.0,0.0
2026-08-07,0.0,0.0,0.0,0.0,0.0,0.0,0.0,0.0,0.0,0.0,0.0,0.0,0.0,0.0,0.0,0.0,0.0,0.0,0.0,0.0,0.0,0.0,0.0,0.0,0.0,0.0,0.0,0.0,0.0,0.0,0.0,0.0,0.0,0.0,0.0,0.0,0.0,0.0,0.0,0.0,0.0,0.0,0.0,0.0,0.0,0.0,0.0,0.0,0.0,0.0,0.0,0.0,0.0,0.0,0.0,0.0,0.0,0.0,0.0,0.0,0.0,0.0
2026-08-08,0.0,0.0,0.0,0.0,0.0,0.0,0.0,0.0,0.0,0.0,0.0,0.0,0.0,0.0,0.0,0.0,0.0,0.0,0.0,0.0,0.0,0.0,0.0,0.0,0.0,0.0,0.0,0.0,0.0,0.0,0.0,0.0,0.0,0.0,0.0,0.0,0.0,0.0,0.0,0.0,0.0,0.0,0.0,0.0,0.0,0.0,0.0,0.0,0.0,0.0,0.0,0.0,0.0,0.0,0.0,0.0,0.0,0.0,0.0,0.0,0.0,0.0
2026-08-09,0.0,0.0,0.0,0.0,0.0,0.0,0.0,0.0,0.0,0.0,0.0,0.0,0.0,0.0,0.0,0.0,0.0,0.0,0.0,0.0,0.0,0.0,0.0,0.0,0.0,0.0,0.0,0.0,0.0,0.0,0.0,0.0,0.0,0.0,0.0,0.0,0.0,0.0,0.0,0.0,0.0,0.0,0.0,0.0,0.0,0.0,0.0,0.0,0.0,0.0,0.0,0.0,0.0,0.0,0.0,0.0,0.0,0.0,0.0,0.0,0.0,0.0
2026-08-10,0.0,0.0,0.0,0.0,0.0,0.0,0.0,0.0,0.0,0.0,0.0,0.0,0.0,0.0,0.0,0.0,0.0,0.0,0.0,0.0,0.0,0.0,0.0,0.0,0.0,0.0,0.0,0.0,0.0,0.0,0.0,0.0,0.0,0.0,0.0,0.0,0.0,0.0,0.0,0.0,0.0,0.0,0.0,0.0,0.0,0.0,0.0,0.0,0.0,0.0,0.0,0.0,0.0,0.0,0.0,0.0,0.0,0.0,0.0,0.0,0.0,0.0
2026-08-11,0.0,-274.0593142064024,31.43875753458374,-366.1233395641164,-1.581356081154605,-19.3400041556299,371.6922190547658,-7.612123952128459,-324.3910420245286,242.39232267980768,-3.6598036279885564,-4.10440446965053,-197.08339891397554,-165.64911709357708,-7.611610519816983,-2.6553580623088058,-0.14188013173505898,-0.47834460288702396,28.58129936499591,-3.466166566496191,-0.5076005597363983,8.833651545957167,-0.6583744200602815,18.4918422392105,0.0,-0.11743584410956828,9.750037227330992,-2.998175912380946,0.0,0.0,0.0,0.0,111.72744494077892,-95.36684196133537,39.915119247094566,7.674121644530591,-1.2555113451432554,-0.8136967903821788,-0.15034208157466492,-13.422045681807766,2.8266891366170896,-7.662768722424662,-6.543326361432613,-70.91589397409236,-14.520317769677131,107.46806247827988,12.948334098561551,39.94907645975666,0.06423073845449835,-120.25594468653127,-7.102441580999846,-1.101001980785237,-90.52145406641102,-64.03969914997461,-11.004778248187504,0.0,-32.6215909539667,-373.6897388967752,0.0,-8.659178668829728,1033.7532083907254,-2301.8854236290144
2026-08-12,0.0,0.0,0.0,0.0,0.0,0.0,0.0,0.0,0.0,0.0,0.0,0.0,0.0,0.0,0.0,0.0,0.0,0.0,0.0,0.0,0.0,0.0,0.0,0.0,0.0,0.0,0.0,0.0,0.0,0.0,0.0,0.0,0.0,0.0,0.0,0.0,0.0,0.0,0.0,0.0,0.0,0.0,0.0,0.0,0.0,0.0,0.0,0.0,0.0,0.0,0.0,0.0,0.0,0.0,0.0,0.0,0.0,0.0,0.0,0.0,0.0,0.0
2026-08-13,0.0,0.0,0.0,0.0,0.0,0.0,0.0,0.0,0.0,0.0,0.0,0.0,0.0,0.0,0.0,0.0,0.0,0.0,0.0,0.0,0.0,0.0,0.0,0.0,0.0,0.0,0.0,0.0,0.0,0.0,0.0,0.0,0.0,0.0,0.0,0.0,0.0,0.0,0.0,0.0,0.0,0.0,0.0,0.0,0.0,0.0,0.0,0.0,0.0,0.0,0.0,0.0,0.0,0.0,0.0,0.0,0.0,0.0,0.0,0.0,0.0,0.0
