date,zirkuIsland_0,zirkuIsland_1,zirkuIsland_2,zirkuIsland_3,zirkuIsland_4,zirkuIsland_5,zirkuIsland_6,zirkuIsland_7,zirkuIsland_8,zirkuIsland_9,total_build,total_draw
2025-12-31,0.0,0.0,0.0,0.0,0.0,0.0,0.0,0.0,0.0,0.0,0.0,0.0
2026-01-01,-18.846329218525323,-216.69556205700653,-183.11729079771357,-20.052255196857267,876.8801777140067,469.056638601779,95.7956632056752,0.0,537.8075070302091,416.69222877271557,2396.2322153243854,-438.7114372701027
2026-01-02,0.0,0.0,0.0,0.0,0.0,0.0,0.0,0.0,0.0,0.0,0.0,0.0
2026-01-03,0.0,0.0,0.0,0.0,0.0,0.0,0.0,0.0,0.0,0.0,0.0,0.0
2026-01-04,441.5429199834551,-14.392884592354065,-54.66077148849296,12.958693157132366,-883.1780878517238,-564.6289100577675,829.8328582556668,-910.4338509549128,-262.8718150716056,0.0,1284.3344713962542,-2690.166320016857
2026-01-05,0.0,0.0,0.0,0.0,0.0,0.0,0.0,0.0,0.0,0.0,0.0,0.0
2026-01-06,0.0,0.0,0.0,0.0,0.0,0.0,0.0,0.0,0.0,0.0,0.0,0.0
2026-01-07,-411.0843321943407,5.758209097967483,885.0131669138185,-15.75473538282665,538.8146695706646,1030.5425669069803,-860.7022566276519,376.6679649042867,595.6457223700512,-567.9633400656949,3432.4422997637685,-1855.504664270514
2026-01-08,0.0,0.0,0.0,0.0,0.0,0.0,0.0,0.0,0.0,0.0,0.0,0.0
2026-01-09,0.0,0.0,0.0,0.0,0.0,0.0,0.0,0.0,0.0,0.0,0.0,0.0
2026-01-10,212.19600919403626,698.524106367506,-687.4324777229593,17.940193214801024,113.1364893605276,-986.6480596224181,114.44543688297924,533.7658860506261,0.0,-299.6518617347206,1690.0081210704761,-1973.732399080098
2026-01-11,0.0,0.0,0.0,0.0,0.0,0.0,0.0,0.0,0.0,0.0,0.0,0.0
2026-01-12,0.0,0.0,0.0,0.0,0.0,0.0,0.0,0.0,0.0,0.0,0.0,0.0
2026-01-13,-545.6163516720624,-92.23003784352355,247.57045049158427,-15.11369893501769,231.22692892053166,-26.135155500486377,746.2568197446726,0.0,-795.3079955775091,867.6152018004155,2092.669400957204,-1474.403239528599
2026-01-14,0.0,0.0,0.0,0.0,0.0,0.0,0.0,0.0,0.0,0.0,0.0,0.0
2026-01-15,0.0,0.0,0.0,0.0,0.0,0.0,0.0,0.0,0.0,0.0,0.0,0.0
2026-01-16,872.4867100096255,-411.119090976003,439.8620272313751,8.232336784506334,-852.1076098502608,973.0934389275882,-942.768966208736,-594.839505405294,541.5882206413219,0.0,2835.262733594417,-2800.8351724402937
2026-01-17,0.0,0.0,0.0,0.0,0.0,0.0,0.0,0.0,0.0,0.0,0.0,0.0
2026-01-18,0.0,0.0,0.0,0.0,0.0,0.0,0.0,0.0,0.0,0.0,0.0,0.0
2026-01-19,-769.770845828066,369.9223395075677,-626.7905553469242,-14.829486858623335,719.2475693083238,-919.5457900634079,942.768966208736,-304.60257849764264,253.71977493618732,-942.1137837957597,2285.6586499608147,-3577.6530403904235
2026-01-20,0.0,0.0,0.0,0.0,0.0,0.0,0.0,0.0,0.0,0.0,0.0,0.0
2026-01-21,0.0,0.0,0.0,0.0,0.0,0.0,0.0,0.0,0.0,0.0,0.0,0.0
2026-01-22,0.0,0.0,0.0,0.0,0.0,0.0,0.0,0.0,0.0,0.0,0.0,0.0
2026-01-23,0.0,0.0,0.0,0.0,0.0,0.0,0.0,0.0,0.0,0.0,0.0,0.0
2026-01-24,0.0,0.0,0.0,0.0,0.0,0.0,0.0,0.0,0.0,0.0,0.0,0.0
2026-01-25,-146.72809842508613,14.55440339057392,386.9301111130457,37.11073668506847,-789.378940444114,33.5086188948052,-316.00635947497375,410.91177828630936,0.0,-12.661851030964637,883.0156483698026,-1264.7752493751386
2026-01-26,0.0,0.0,0.0,0.0,0.0,0.0,0.0,0.0,0.0,0.0,0.0,0.0
2026-01-27,0.0,0.0,0.0,0.0,0.0,0.0,0.0,0.0,0.0,0.0,0.0,0.0
2026-01-28,916.498944253152,299.2852052771327,-699.0772035089968,-5.717722882405622,40.173900468710926,509.2016729356612,-631.8080994781188,488.53030561662723,-867.8661860578866,98.40429962533922,2352.094328176623,-2204.4692119274077
2026-01-29,0.0,0.0,0.0,0.0,0.0,0.0,0.0,0.0,0.0,0.0,0.0,0.0
2026-01-30,0.0,0.0,0.0,0.0,0.0,0.0,0.0,0.0,0.0,0.0,0.0,0.0
2026-01-31,0.0,-781.3223675077357,938.9376477428752,30.671268817272853,-46.77051783952222,-297.5989547670976,299.16725871738794,0.0,48.73528056457115,856.3713352013851,2173.8827910434925,-1125.6918401143555
2026-02-01,0.0,0.0,0.0,0.0,0.0,0.0,0.0,0.0,0.0,0.0,0.0,0.0
2026-02-02,0.0,0.0,0.0,0.0,0.0,0.0,0.0,0.0,0.0,0.0,0.0,0.0
2026-02-03,-336.38787247019354,-1.1973039851650829,-845.9887655392242,121.26390044091666,49.859675989589775,597.6482502258131,648.6472002357046,0.0,577.2022616422289,-908.4674818257025,1994.6212885342532,-2092.041423820285
2026-02-04,0.0,0.0,0.0,0.0,0.0,0.0,0.0,0.0,0.0,0.0,0.0,0.0
2026-02-05,0.0,0.0,0.0,0.0,0.0,0.0,0.0,0.0,0.0,0.0,0.0,0.0
2026-02-06,-540.0478710404971,-0.3048141941900831,7.902538955672644,-113.54612644195848,878.9759223672726,116.47597896954254,0.0,-435.597792480557,-576.3848366939773,6.962076095436117,1010.3165163879239,-1665.8814408511798
2026-02-07,0.0,0.0,0.0,0.0,0.0,0.0,0.0,0.0,0.0,0.0,0.0,0.0
2026-02-08,0.0,0.0,0.0,0.0,0.0,0.0,0.0,0.0,0.0,0.0,0.0,0.0
2026-02-09,876.4357435106906,223.86197138965747,464.5604893012134,-19.69117398453178,-863.3250599424204,-682.8188969817508,-478.63043478426675,-506.4438904706071,183.05496191406843,5.660719741475652,1753.5738858571058,-2550.9094561635766
2026-02-10,0.0,0.0,0.0,0.0,0.0,0.0,0.0,0.0,0.0,0.0,0.0,0.0
2026-02-11,0.0,0.0,0.0,0.0,0.0,0.0,0.0,0.0,0.0,0.0,0.0,0.0
2026-02-12,-903.5933831245658,558.9625142974335,-250.77714557856996,910.9230010956924,863.3250599424204,477.7389865690201,-337.74032773593103,247.50573243266518,635.2585186309954,-41.420650199119,3693.713812968227,-1533.5315066381859
2026-02-13,0.0,0.0,0.0,0.0,0.0,0.0,0.0,0.0,0.0,0.0,0.0,0.0
2026-02-14,0.0,0.0,0.0,0.0,0.0,0.0,0.0,0.0,0.0,0.0,0.0,0.0
2026-02-15,903.5933831245658,-630.9171321926807,357.8251488038829,-646.4755892411806,-240.50908915183052,205.07991041273064,-107.48885877866763,497.1352740797446,-203.51166476193245,119.11690545279743,2082.7506218737212,-1828.902334126292
2026-02-16,0.0,0.0,0.0,0.0,0.0,0.0,0.0,0.0,0.0,0.0,0.0,0.0
2026-02-17,0.0,0.0,0.0,0.0,0.0,0.0,0.0,0.0,0.0,0.0,0.0,0.0
2026-02-18,-842.9635553064663,-48.034662354871166,266.4777340570253,720.1990529089319,-673.3953034220242,-797.7470023541753,923.8596212988655,-276.6200971823578,-463.5791878370292,818.1484307351124,2728.684838999935,-3102.339808456924
2026-02-19,0.0,0.0,0.0,0.0,0.0,0.0,0.0,0.0,0.0,0.0,0.0,0.0
2026-02-20,0.0,0.0,0.0,0.0,0.0,0.0,0.0,0.0,0.0,0.0,0.0,0.0
2026-02-21,842.9635553064663,678.9517945475519,-640.2154522459255,-893.7251944586155,32.34741168963036,797.7470023541753,0.0,474.02077362111214,-20.843217958170804,-349.31565541262063,2826.0305375189364,-1904.0995200753323
2026-02-22,0.0,0.0,0.0,0.0,0.0,0.0,0.0,0.0,0.0,0.0,0.0,0.0
2026-02-23,0.0,0.0,0.0,0.0,0.0,0.0,0.0,0.0,0.0,0.0,0.0,0.0
2026-02-24,-922.7874763405946,-643.2485981160647,155.05647630306194,382.45376673221983,881.5569808842245,-777.984814032207,0.0,-878.6526396063272,-126.35444532517809,56.92845266056317,1475.9956765800694,-3349.0279734203714
2026-02-25,0.0,0.0,0.0,0.0,0.0,0.0,0.0,0.0,0.0,0.0,0.0,0.0
2026-02-26,0.0,0.0,0.0,0.0,0.0,0.0,0.0,0.0,0.0,0.0,0.0,0.0
2026-02-27,877.0950207032565,643.2485981160647,-159.60283857446794,412.1733040626936,-874.0133581202863,659.1873850239525,-834.7562289992552,448.3941523166437,-63.152524725907135,292.3872027520575,3332.4856629746687,-1931.5249504199166
2026-02-28,0.0,0.0,0.0,0.0,0.0,0.0,0.0,0.0,0.0,0.0,0.0,0.0
2026-03-01,0.0,0.0,0.0,0.0,0.0,0.0,0.0,0.0,0.0,0.0,0.0,0.0
2026-03-02,-593.278482362764,-264.70972678025333,368.65382267223754,-666.3062516961182,-62.10883530932944,-450.27288155374447,397.427884056107,430.25848728968344,483.50080310457656,-933.7163426871399,1679.8409971226044,-2970.392520389349
2026-03-03,0.0,0.0,0.0,0.0,0.0,0.0,0.0,0.0,0.0,0.0,0.0,0.0
2026-03-04,0.0,0.0,0.0,0.0,0.0,0.0,0.0,0.0,0.0,0.0,0.0,0.0
2026-03-05,-259.9370901058401,-53.07666683211061,-77.49924431359617,632.289391909465,870.2895091301348,-1.1479463323581731,437.3283449431482,-703.2788529388527,393.9402375036412,14.177317459967105,2348.024800946356,-1094.9398005227577
2026-03-06,0.0,0.0,0.0,0.0,0.0,0.0,0.0,0.0,0.0,0.0,0.0,0.0
2026-03-07,0.0,0.0,0.0,0.0,0.0,0.0,0.0,0.0,0.0,0.0,0.0,0.0
2026-03-08,898.9080281059422,-224.15231774939352,-132.33933312488907,-729.6350676899226,-868.5753787785388,554.5462206156483,-866.655264609955,15.188872284575599,0.0,355.8883953048487,1824.5315163110147,-2821.357361952699
2026-03-09,0.0,0.0,0.0,0.0,0.0,0.0,0.0,0.0,0.0,0.0,0.0,0.0
2026-03-10,0.0,0.0,0.0,0.0,0.0,0.0,0.0,0.0,0.0,0.0,0.0,0.0
2026-03-11,0.0,-75.80063487455865,485.94656928357915,-5.1155877877936,48.756238059683355,15.672036278708838,217.34801226323856,-19.55947255795251,0.0,12.07490726333682,779.7977631485467,-100.47569522030477
2026-03-12,0.0,0.0,0.0,0.0,0.0,0.0,0.0,0.0,0.0,0.0,0.0,0.0
2026-03-13,0.0,0.0,0.0,0.0,0.0,0.0,0.0,0.0,0.0,0.0,0.0,0.0
2026-03-14,-857.58672452504,-295.21215689971797,-763.8656078754167,-54.929399046930484,-8.02428701318067,-966.0737673003397,-153.92473738886662,355.58213338174346,-283.68229881060813,113.50094125098211,469.0830746327256,-3383.2989788601003
2026-03-15,0.0,0.0,0.0,0.0,0.0,0.0,0.0,0.0,0.0,0.0,0.0,0.0
2026-03-16,0.0,0.0,0.0,0.0,0.0,0.0,0.0,0.0,0.0,0.0,0.0,0.0
2026-03-17,-25.476647329006926,28.993298514926106,-69.37801010548591,-30.03399285877531,18.752862533437902,-23.417684016996994,-69.46999917215703,-31.821011597580743,-28.551163941868115,48.56981014825078,96.31597119661478,-278.148509021871
2026-03-18,0.0,0.0,0.0,0.0,0.0,0.0,0.0,0.0,0.0,0.0,0.0,0.0
2026-03-19,0.0,0.0,0.0,0.0,0.0,0.0,0.0,0.0,0.0,0.0,0.0,0.0
2026-03-20,-22.90489531212696,-48.109845958789926,56.02064081666176,59.98823793470126,-28.044639057378866,64.7892294790491,700.1994964091007,14.673319728446193,3.7702505571390503,-38.944707386135356,899.4411749250982,-138.0040877144311
2026-03-21,0.0,0.0,0.0,0.0,0.0,0.0,0.0,0.0,0.0,0.0,0.0,0.0
2026-03-22,0.0,0.0,0.0,0.0,0.0,0.0,0.0,0.0,0.0,0.0,0.0,0.0
2026-03-23,-7.446399318330921,175.43601298677387,-147.01349955163838,-146.01410955216434,316.7394332216743,-47.822085019304765,-770.1722172807696,-26.87495119692199,-5.345334479678655,132.66907061691185,624.8445168253601,-1150.6885963988088
2026-03-24,0.0,0.0,0.0,0.0,0.0,0.0,0.0,0.0,0.0,0.0,0.0,0.0
2026-03-25,0.0,0.0,0.0,0.0,0.0,0.0,0.0,0.0,0.0,0.0,0.0,0.0
2026-03-26,-13.617098042038386,-169.5265811305981,94.93860779580463,418.7738941768141,-265.9170694415418,369.47015394291435,486.7023775115555,38.02485664334614,15.88373478489439,-41.59739393614116,1423.7936248553292,-490.6581425503194
2026-03-27,0.0,0.0,0.0,0.0,0.0,0.0,0.0,0.0,0.0,0.0,0.0,0.0
2026-03-28,0.0,0.0,0.0,0.0,0.0,0.0,0.0,0.0,0.0,0.0,0.0,0.0
2026-03-29,432.4409587387508,444.5387337016804,320.6957310573397,233.1369025912995,605.2397746775227,220.58562084045144,196.16917142401542,-11.66719761679601,-20.18820847612084,39.91191941396426,2492.7188124450245,-31.855406092916848
2026-03-30,0.0,0.0,0.0,0.0,0.0,0.0,0.0,0.0,0.0,0.0,0.0,0.0
2026-03-31,0.0,0.0,0.0,0.0,0.0,0.0,0.0,0.0,0.0,0.0,0.0,0.0
2026-04-01,-347.3256263147511,-331.028343245603,-344.61439750340185,-229.93439878519612,-451.0812911036415,-641.2859021851745,-513.0907370290796,-33.42256533616595,27.280564485799054,45.856864787747156,73.13742927354622,-2891.783261503014
2026-04-02,0.0,0.0,0.0,0.0,0.0,0.0,0.0,0.0,0.0,0.0,0.0,0.0
2026-04-03,0.0,0.0,0.0,0.0,0.0,0.0,0.0,0.0,0.0,0.0,0.0,0.0
2026-04-04,-56.05770330140879,337.759380449501,345.7238912417942,-133.14899454584554,-169.74572741679637,301.0367578032607,-146.12523315357208,-370.5013242864619,-597.7425907720865,-672.4826981977143,984.5200294945558,-2145.8042716738855
2026-04-05,0.0,0.0,0.0,0.0,0.0,0.0,0.0,0.0,0.0,0.0,0.0,0.0
2026-04-06,0.0,0.0,0.0,0.0,0.0,0.0,0.0,0.0,0.0,0.0,0.0,0.0
2026-04-07,-37.7663918502921,-452.8442566742469,-342.57555906801696,-122.7865739839716,335.54090998328223,105.53209297449514,919.0191310264898,-20.01749379002745,185.27818934120646,104.16701607490762,1649.5373394003811,-975.990275366555
2026-04-08,0.0,0.0,0.0,0.0,0.0,0.0,0.0,0.0,0.0,0.0,0.0,0.0
2026-04-09,0.0,0.0,0.0,0.0,0.0,0.0,0.0,0.0,0.0,0.0,0.0,0.0
2026-04-10,46.83815355834819,35.28829465402896,244.3761042757457,3.9998508742069827,25.242136558766127,-32.80588393555617,-234.000403939915,82.90362055006949,-61.85466384216328,-6.320536863701535,438.6481604711654,-334.981488581336
2026-04-11,0.0,0.0,0.0,0.0,0.0,0.0,0.0,0.0,0.0,0.0,0.0,0.0
2026-04-12,0.0,0.0,0.0,0.0,0.0,0.0,0.0,0.0,0.0,0.0,0.0,0.0
2026-04-13,-34.95665274092963,-33.61778347172064,-225.9484378448784,-173.3686919267151,18.994822459818447,-367.1825381994059,-636.5850462120975,211.60617625633057,34.35542976724298,-11.682328937401413,264.95642848339196,-1483.3414793331485
2026-04-14,0.0,0.0,0.0,0.0,0.0,0.0,0.0,0.0,0.0,0.0,0.0,0.0
2026-04-15,0.0,0.0,0.0,0.0,0.0,0.0,0.0,0.0,0.0,0.0,0.0,0.0
2026-04-16,196.38974245853595,703.7512514881603,-96.16194796167547,644.7955504790555,-399.4842797559233,94.74445014026482,-72.01537513167354,44.23346387323877,-23.158379219087422,125.55310905390478,1809.4675674931602,-590.8199820683598
2026-04-17,0.0,0.0,0.0,0.0,0.0,0.0,0.0,0.0,0.0,0.0,0.0,0.0
2026-04-18,0.0,0.0,0.0,0.0,0.0,0.0,0.0,0.0,0.0,0.0,0.0,0.0
2026-04-19,-174.4646152422363,-541.9110418933974,92.25983743058727,-611.327516882536,504.1904302690318,-91.09467263955693,452.47523358566883,-3.7569660631649895,274.30358533864944,521.8279572305308,1845.0570438544682,-1422.5548127208915
2026-04-20,0.0,0.0,0.0,0.0,0.0,0.0,0.0,0.0,0.0,0.0,0.0,0.0
2026-04-21,0.0,0.0,0.0,0.0,0.0,0.0,0.0,0.0,0.0,0.0,0.0,0.0
2026-04-22,795.9739894658959,764.2223837153194,-24.636739186487162,-3.4725917687187904,-485.5911520211336,-26.979030635379953,10.636177515605349,-327.9925314498015,-248.99319211774528,-657.1011514965195,1570.8325506968206,-1774.766388675786
2026-04-23,0.0,0.0,0.0,0.0,0.0,0.0,0.0,0.0,0.0,0.0,0.0,0.0
2026-04-24,0.0,0.0,0.0,0.0,0.0,0.0,0.0,0.0,0.0,0.0,0.0,0.0
2026-04-25,-819.8328003942727,-332.78056727296314,860.1793864790675,97.3046062792287,-65.10349683145212,214.2960335569547,-318.4509280638268,26.83129253313446,358.80172244082206,543.3862456038534,2100.7992868930605,-1536.1677925625145
2026-04-26,0.0,0.0,0.0,0.0,0.0,0.0,0.0,0.0,0.0,0.0,0.0,0.0
2026-04-27,0.0,0.0,0.0,0.0,0.0,0.0,0.0,0.0,0.0,0.0,0.0,0.0
2026-04-28,829.2416691111563,30.753933288240688,-445.8295335885451,-95.21171191753295,55.7413494350845,-211.40097176523543,-45.36078625349002,146.8535500229368,369.8423549436048,-9.338459809929947,1432.432856801023,-807.1414633347334
2026-04-29,0.0,0.0,0.0,0.0,0.0,0.0,0.0,0.0,0.0,0.0,0.0,0.0
2026-04-30,0.0,0.0,0.0,0.0,0.0,0.0,0.0,0.0,0.0,0.0,0.0,0.0
2026-05-01,-828.9916974765192,-490.5683025389183,-240.11551993384143,-11.469093926226721,878.2020485207667,1037.60819695956,-0.3268147482133936,-145.50857400012598,-828.4891479859856,-230.48166377545684,1915.8102454803266,-2775.9508143852877
2026-05-02,0.0,0.0,0.0,0.0,0.0,0.0,0.0,0.0,0.0,0.0,0.0,0.0
2026-05-03,0.0,0.0,0.0,0.0,0.0,0.0,0.0,0.0,0.0,0.0,0.0,0.0
2026-05-04,145.78457376530477,-107.57074821528548,-286.0474729715594,2.733723663890269,-20.56703923562949,-1004.4761563527902,64.32607890799828,-104.71501269736339,165.75856267663255,544.0817288809345,922.6846678947604,-1523.376429472628
2026-05-05,0.0,0.0,0.0,0.0,0.0,0.0,0.0,0.0,0.0,0.0,0.0,0.0
2026-05-06,0.0,0.0,0.0,0.0,0.0,0.0,0.0,0.0,0.0,0.0,0.0,0.0
2026-05-07,195.78149146924284,92.81939027483843,761.3372205456486,8.617639364436268,-462.89510182744664,450.3291521674256,473.03883571711054,462.0662281141009,608.673131138331,-382.6295458835936,3052.6630887911338,-845.5246477110402
2026-05-08,124.2674333428702,150.32800181095453,9.915876121675247,0.8616700992749539,-2.3420842824480497,5.250632354599773,0.5160750503574963,0.5850720744769787,13.8396346420208,111.88976756446948,417.4541630606994,-2.3420842824480497
2026-05-09,0.0,0.0,0.0,0.0,0.0,0.0,0.0,0.0,0.0,0.0,0.0,0.0
2026-05-10,0.0,0.0,0.0,0.0,0.0,0.0,0.0,0.0,0.0,0.0,0.0,0.0
2026-05-11,-18.85865399942978,236.06109135348188,-39.6802345102767,478.2004678081049,37.08337184205116,-26.578029446034694,-70.6212649255842,143.106997666428,-54.07906517403457,139.41373340473803,1033.865662074804,-209.81724805535993
2026-05-12,0.0,0.0,0.0,0.0,0.0,0.0,0.0,0.0,0.0,0.0,0.0,0.0
2026-05-13,10.68378592844936,-254.96207290134137,29.022509822793772,-124.65632110286678,165.5440548145678,20.347364051524085,180.19665924208508,257.4603704023878,51.200830245125694,-53.95850828532712,714.4555745069335,-433.57690228953527
2026-05-14,0.0,0.0,0.0,0.0,0.0,0.0,0.0,0.0,0.0,0.0,0.0,0.0
2026-05-15,0.0,0.0,0.0,0.0,0.0,0.0,0.0,0.0,0.0,0.0,0.0,0.0
2026-05-16,-30.719235620980267,384.2850030735948,7.432580468774074,-188.22849830736837,-605.3180105295762,-480.01060901588016,-685.9763859065405,0.0,2.1322634796752826,90.66769007244113,484.51753709448525,-1990.2527393803457
2026-05-17,0.0,0.0,0.0,0.0,0.0,0.0,0.0,0.0,0.0,0.0,0.0,0.0
2026-05-18,0.0,0.0,0.0,0.0,0.0,0.0,0.0,0.0,0.0,0.0,0.0,0.0
2026-05-19,44.99428600239859,48.81334899261314,-258.3398399351931,-200.02008750924085,-44.83523775327334,12.321587307419279,255.91493110440067,-246.83333909875154,-761.5727303362523,-189.4478192338279,362.0441534068317,-1701.049053866539
2026-05-20,-8.781050950998557,-670.2820566504453,351.41660177813077,10.980594740083092,11.095940546165453,624.7442106800922,-176.99917921542365,-136.06910379764625,318.18921911099636,-641.0228652293903,1316.4265668554679,-1633.154255843904
2026-05-21,0.0,0.0,0.0,0.0,0.0,0.0,0.0,0.0,0.0,0.0,0.0,0.0
2026-05-22,-432.37664532496956,44.93647653884115,110.88781220239319,7.556079871101305,364.7735438110514,69.41781216782226,803.2321932735383,-520.0636675548947,350.69044314188466,4.464225942334276,1755.9585869489667,-952.4403128798642
2026-05-23,107.91844152556325,695.8335467436475,-11.17981629348139,7.719515441564145,47.161960217051444,-706.1825265773402,-944.7587109160891,2.75102591093455,133.65685906160635,62.16823921387934,1057.2095881142466,-1662.1210537869106
2026-05-24,0.0,0.0,0.0,0.0,0.0,0.0,0.0,0.0,0.0,0.0,0.0,0.0
2026-05-25,-124.8290247954221,-617.8589825166492,11.17981629348139,-23.82190486246068,263.4291131825786,112.97877852011285,763.2960739024878,10.849073799303616,0.0,667.3365170005253,1829.0693726984896,-766.509912174532
2026-05-26,0.0,0.0,0.0,0.0,0.0,0.0,0.0,0.0,0.0,0.0,0.0,0.0
2026-05-27,0.0,0.0,0.0,0.0,0.0,0.0,0.0,0.0,0.0,0.0,0.0,0.0
2026-05-28,838.4835891128619,592.1713738348678,-865.8692926493574,16.765700740658563,-352.04100147941887,573.6102644398095,-461.522536136403,189.8210141012303,-798.6821624724887,-525.2211856999011,2210.851942229428,-3003.3361784375693
2026-05-29,0.0,0.0,0.0,0.0,0.0,0.0,0.0,0.0,0.0,0.0,0.0,0.0
2026-05-30,0.0,0.0,0.0,0.0,0.0,0.0,0.0,0.0,0.0,0.0,0.0,0.0
2026-05-31,-831.9242840330786,-338.91547048445,59.03494116964284,447.33607873078006,514.9178238120478,347.37514302787116,-217.16628110729508,78.94294363362819,-33.33429772814084,397.85520071665246,1845.4621310906225,-1421.3403333529645
2026-06-01,0.0,0.0,0.0,0.0,0.0,0.0,0.0,0.0,0.0,0.0,0.0,0.0
2026-06-02,0.0,0.0,0.0,0.0,0.0,0.0,0.0,0.0,0.0,0.0,0.0,0.0
2026-06-03,390.0538076900848,-336.68499030649537,-54.480107255227985,-436.0910481931324,-731.1228770496978,-1046.8299163774182,368.2955056133084,298.24365475123204,-57.05759152465745,318.484550417,1375.0775184716254,-2662.266530706629
2026-06-04,100.03548487543594,178.93594025079358,1.2164233559346758,0.42943640317360404,571.0193116170735,7.996465184788453,-411.4267901537769,292.7479813966283,-0.3532276934012771,-249.9200840798144,1152.381043083828,-661.7001019269926
2026-06-05,0.0,0.0,0.0,0.0,0.0,0.0,0.0,0.0,0.0,0.0,0.0,0.0
2026-06-06,346.15472317177876,-155.09765589227538,60.80049266276625,-5.106583539701998,-130.29989939637576,584.5072640018084,903.2827387977678,-866.8053201575344,71.57587940433505,-92.54237469827663,1966.321098038456,-1249.8518336841641
2026-06-07,0.0,0.0,0.0,0.0,0.0,0.0,0.0,0.0,0.0,0.0,0.0,0.0
2026-06-08,0.0,0.0,0.0,0.0,0.0,0.0,0.0,0.0,0.0,0.0,0.0,0.0
2026-06-09,-827.3112552827373,78.22762500857806,-68.24267077187065,-1.870383678093087,131.6664441964659,-53.008975830381736,-635.5491966359292,276.8023346425507,34.50355512570299,342.462458778091,863.6624177513886,-1585.9824821990119
2026-06-10,0.0,0.0,0.0,0.0,0.0,0.0,0.0,0.0,0.0,0.0,0.0,0.0
2026-06-11,0.0,0.0,0.0,0.0,0.0,0.0,0.0,0.0,0.0,0.0,0.0,0.0
2026-06-12,0.0,0.0,0.0,0.0,0.0,0.0,0.0,0.0,0.0,0.0,0.0,0.0
2026-06-13,491.9726432793477,-74.90090013830562,36.03232922400476,-8.070643861904625,-687.6047351856367,-144.0759764505555,-28.535204034507625,118.53175600594375,-46.68002907141508,-913.6336260357197,646.5367285092963,-1903.5011147780447
2026-06-14,0.0,0.0,0.0,0.0,0.0,0.0,0.0,0.0,0.0,0.0,0.0,0.0
2026-06-15,0.0,0.0,0.0,0.0,0.0,0.0,0.0,0.0,0.0,0.0,0.0,0.0
2026-06-16,-494.3750745467888,60.943165676996344,-85.73104038426432,-1.2916856825354044,930.3344227004497,-354.6208327615678,-49.89914456940943,-271.08793719553074,-35.30458403574105,26.095193217874737,1017.3727815953209,-1292.3102991758376
2026-06-17,0.0,0.0,0.0,0.0,0.0,0.0,0.0,0.0,0.0,0.0,0.0,0.0
2026-06-18,898.5877029053328,7.75577246601542,77.00884980936418,1004.2884643438202,0.0,334.782211821825,713.9835452398462,751.6992596358951,63.52581493715837,-39.22822202759329,3851.631621159257,-39.22822202759329
2026-06-19,0.0,0.0,0.0,0.0,0.0,0.0,0.0,0.0,0.0,0.0,0.0,0.0
2026-06-20,0.0,0.0,0.0,0.0,0.0,0.0,0.0,0.0,0.0,0.0,0.0,0.0
2026-06-21,-153.25793833656377,583.7001187703863,-80.13625306187058,-377.07110849541976,-777.304773258781,-357.52341385014904,-860.7762829823818,-901.4090518686893,232.05454955572287,236.35121969214433,1052.1058880182534,-3507.4788218538556
2026-06-22,0.0,0.0,0.0,0.0,0.0,0.0,0.0,0.0,0.0,0.0,0.0,0.0
2026-06-23,0.0,0.0,0.0,0.0,0.0,0.0,0.0,0.0,0.0,0.0,0.0,0.0
2026-06-24,0.0,0.0,0.0,0.0,0.0,0.0,0.0,0.0,0.0,0.0,0.0,0.0
2026-06-25,-732.6069729184132,-702.1321737858426,85.359890301676,-32.53776727753493,-145.8640930576469,624.1458651513473,63.779870759447455,18.086505116837216,569.7520935029252,690.4154351532939,2051.539659985527,-1613.1410070394375
2026-06-26,0.0,0.0,0.0,0.0,0.0,0.0,0.0,0.0,0.0,0.0,0.0,0.0
2026-06-27,0.0,0.0,0.0,0.0,0.0,0.0,0.0,0.0,0.0,0.0,0.0,0.0
2026-06-28,278.7815921226038,23.8569401304638,-71.64854435554496,333.25297110969365,343.3207154248229,132.27971401495486,302.13272171647196,-1.511875614986755,-737.7820392271248,-385.72245719871813,1413.6246545190108,-1196.6649163963746
2026-06-29,0.0,0.0,0.0,0.0,0.0,0.0,0.0,0.0,0.0,0.0,0.0,0.0
2026-06-30,0.0,0.0,0.0,0.0,0.0,0.0,0.0,0.0,0.0,0.0,0.0,0.0
2026-07-01,-323.91903471518043,872.3321924886582,70.97622203153186,-780.331649169805,-350.0201264900295,-389.97376631233107,343.27439404471045,18.618801714115428,737.7820392271248,232.28229857222783,2275.2659480783686,-1844.244576687346
2026-07-02,0.0,0.0,0.0,0.0,0.0,0.0,0.0,0.0,0.0,0.0,0.0,0.0
2026-07-03,0.0,0.0,0.0,0.0,0.0,0.0,0.0,0.0,0.0,0.0,0.0,0.0
2026-07-04,931.0023538475536,-888.3767153710446,-73.0662070961321,295.3321944490699,929.8682773816345,-274.84349622476543,-748.3810288093837,-25.37358704201179,-864.4078480681613,-411.91602925435103,2156.202825678258,-3286.36491186585
2026-07-05,0.0,0.0,0.0,0.0,0.0,0.0,0.0,0.0,0.0,0.0,0.0,0.0
2026-07-06,0.0,0.0,0.0,0.0,0.0,0.0,0.0,0.0,0.0,0.0,0.0,0.0
2026-07-07,0.0,87.92952908271063,74.44407198193763,97.97238707703177,-930.3482313869415,368.78352195343666,118.81552478179569,20.423209939597058,732.5663543888086,-367.89726282287916,1500.9345992053181,-1298.2454942098207
2026-07-08,0.0,0.0,0.0,0.0,0.0,0.0,0.0,0.0,0.0,0.0,0.0,0.0
2026-07-09,0.0,0.0,0.0,0.0,0.0,0.0,0.0,0.0,0.0,0.0,0.0,0.0
2026-07-10,-20.161677378508497,800.447186288334,-75.49636972374294,-324.241072940471,930.3482313869415,490.94410544906253,-91.280876198043,420.88261532776943,131.84149367935268,33.7323684483571,2808.196000579818,-511.17999624076543
2026-07-11,0.0,0.0,0.0,0.0,0.0,0.0,0.0,0.0,0.0,0.0,0.0,0.0
2026-07-12,0.0,0.0,0.0,0.0,0.0,0.0,0.0,0.0,0.0,0.0,0.0,0.0
2026-07-13,-727.8626986619824,-622.4621213178378,69.44392139251786,343.0203022854667,-925.152033628459,-953.901882872708,22.525819478353835,-381.5346995473652,-213.72599002457213,233.49697563855665,668.487018794895,-3824.6394260529246
2026-07-14,0.0,0.0,0.0,0.0,0.0,0.0,0.0,0.0,0.0,0.0,0.0,0.0
2026-07-15,0.0,0.0,0.0,0.0,0.0,0.0,0.0,0.0,0.0,0.0,0.0,0.0
2026-07-16,748.0243760404909,-255.74831445476414,-82.56869041001355,-422.41185593588625,232.94759862280802,972.148455471215,-92.57880942478963,-19.769692425717018,-139.83720168598487,-260.65709954419754,1953.1204301345138,-1273.5716638813528
2026-07-17,0.0,0.0,0.0,0.0,0.0,0.0,0.0,0.0,0.0,0.0,0.0,0.0
2026-07-18,0.0,0.0,0.0,0.0,0.0,0.0,0.0,0.0,0.0,0.0,0.0,0.0
2026-07-19,-929.0040853617952,582.2071740867895,86.64782908978732,-1.36840590280795,30.404324172854423,-965.3208863672236,650.4037557695939,872.058098327462,-120.96807363496325,-23.23213995173981,2221.721181446487,-2039.8935912185298
2026-07-20,0.0,0.0,0.0,0.0,0.0,0.0,0.0,0.0,0.0,0.0,0.0,0.0
2026-07-21,0.0,0.0,0.0,0.0,0.0,0.0,0.0,0.0,0.0,0.0,0.0,0.0
2026-07-22,6.654469655004447,-260.63629460623895,-76.74986392476771,582.9658662027747,503.0023545851656,24.72028550611972,292.08491086422475,0.0,474.53126534552024,83.90115140334645,1967.8603035621559,-337.3861585310067
2026-07-23,0.0,0.0,0.0,0.0,0.0,0.0,0.0,0.0,0.0,0.0,0.0,0.0
2026-07-24,0.0,0.0,0.0,0.0,0.0,0.0,0.0,0.0,0.0,0.0,0.0,0.0
2026-07-25,922.3496157067907,-17.223019071246846,76.5623591549088,-3.305737580996007,-493.50659888208463,564.2675071428908,-788.5576360819451,0.0,-460.7156078660372,718.7128716034456,2281.8923536080356,-1763.30859948231
2026-07-26,0.0,0.0,0.0,0.0,0.0,0.0,0.0,0.0,0.0,0.0,0.0,0.0
2026-07-27,0.0,0.0,0.0,0.0,0.0,0.0,0.0,0.0,0.0,0.0,0.0,0.0
2026-07-28,-700.1169273077037,66.8026908465738,-85.54086169622478,-702.1497659551507,444.5475989457485,93.47829560746509,788.5576360819451,-932.5652430923808,331.74209365041906,-137.3282303845752,1725.1283151321516,-2557.701028436035
2026-07-29,0.0,0.0,0.0,0.0,0.0,0.0,0.0,0.0,0.0,0.0,0.0,0.0
2026-07-30,0.0,0.0,0.0,0.0,0.0,0.0,0.0,0.0,0.0,0.0,0.0,0.0
2026-07-31,700.1169273077037,88.56193361274805,89.3893956446607,413.6484254777645,173.0083193778348,59.30428730134398,-748.6846459554083,358.621345433585,-366.18049726678606,284.6275534905272,2167.278187646168,-1114.8651432221943
2026-08-01,0.0,0.0,0.0,0.0,0.0,0.0,0.0,0.0,0.0,0.0,0.0,0.0
2026-08-02,0.0,0.0,0.0,0.0,0.0,0.0,0.0,0.0,0.0,0.0,0.0,0.0
2026-08-03,-511.4202345287884,353.5553443375466,-81.08686887069908,72.51507948623679,-744.930472707611,-717.5739022828245,-166.80832494302712,-19.596459913601052,394.4724952658187,-908.8305775006086,820.542919089602,-3150.2468407471597
2026-08-04,0.0,0.0,0.0,0.0,0.0,0.0,0.0,0.0,0.0,0.0,0.0,0.0
2026-08-05,0.0,0.0,0.0,0.0,0.0,0.0,0.0,0.0,0.0,0.0,0.0,0.0
2026-08-06,-415.31496180949756,-737.064751698599,78.86818952323787,-505.4409819256342,48.335562203671785,26.434007966279168,779.8807938000956,-261.5477728448642,100.68151621658554,769.2782589265702,1803.47832863644,-1919.3684682785947
2026-08-07,0.0,0.0,0.0,0.0,0.0,0.0,0.0,0.0,0.0,0.0,0.0,0.0
2026-08-08,0.0,0.0,0.0,0.0,0.0,0.0,0.0,0.0,0.0,0.0,0.0,0.0
2026-08-09,926.735196338286,299.4024576020815,-87.32687600866659,933.4542807876352,-134.00664827805176,-19.71425381858286,-777.8017287379628,388.20829637828007,-575.6297955974778,-630.8906739972463,2547.800231106283,-2225.369976437988
2026-08-10,0.0,0.0,0.0,0.0,0.0,0.0,0.0,0.0,0.0,0.0,0.0,0.0
2026-08-11,0.0,0.0,0.0,0.0,0.0,0.0,0.0,0.0,0.0,0.0,0.0,0.0
2026-08-12,-525.0826786020092,411.2104509513049,86.29800092439784,-778.5161348680755,415.95175646841517,994.4676932513394,913.4139058363027,188.14150970656542,-244.45651045414445,770.4429925712847,3779.9263097096105,-1548.055323924229
2026-08-13,0.0,0.0,0.0,0.0,0.0,0.0,0.0,0.0,0.0,0.0,0.0,0.0
