date,ummSaid_0,ummSaid_1,ummSaid_10,ummSaid_11,ummSaid_19,ummSaid_2,ummSaid_20,ummSaid_21,ummSaid_22,ummSaid_23,ummSaid_24,ummSaid_25,ummSaid_26,ummSaid_27,ummSaid_28,ummSaid_29,ummSaid_3,ummSaid_30,ummSaid_31,ummSaid_32,ummSaid_33,ummSaid_34,ummSaid_35,ummSaid_36,ummSaid_37,ummSaid_38,ummSaid_4,ummSaid_5,ummSaid_6,ummSaid_7,ummSaid_8,ummSaid_9,total_build,total_draw
2026-06-17,0.0,0.0,0.0,0.0,0.0,0.0,0.0,0.0,0.0,0.0,0.0,0.0,0.0,0.0,0.0,0.0,0.0,0.0,0.0,0.0,0.0,0.0,0.0,0.0,0.0,0.0,0.0,0.0,0.0,0.0,0.0,0.0,0.0,0.0
2026-06-18,0.1965551130324602,0.0,-106.31492094389958,-13.82470145476464,-7.8181964903771295,34.51041285522695,41.783697739313766,1.0931937796518905,-27.770058271541508,168.99925225540372,-46.73265182870813,133.64435973547745,151.66298188228322,-172.44694809897163,4.8447777117654045,-95.39425060698957,48.86242477134856,92.02499797605702,53.35229919115393,11.954144992372457,-108.11829957183002,-3.143806148179778,63.83220280810265,2.901632764519658,6.341484236319142,13.793267632608128,5.670085322956438,112.4980698818735,-162.98433706542622,-20.43276779092886,-101.73458678217638,93.77452937078041,1041.7403700202467,-866.7155250537935
2026-06-19,0.0,0.0,0.0,0.0,0.0,0.0,0.0,0.0,0.0,0.0,0.0,0.0,0.0,0.0,0.0,0.0,0.0,0.0,0.0,0.0,0.0,0.0,0.0,0.0,0.0,0.0,0.0,0.0,0.0,0.0,0.0,0.0,0.0,0.0
2026-06-20,0.0,0.0,0.0,0.0,0.0,0.0,0.0,0.0,0.0,0.0,0.0,0.0,0.0,0.0,0.0,0.0,0.0,0.0,0.0,0.0,0.0,0.0,0.0,0.0,0.0,0.0,0.0,0.0,0.0,0.0,0.0,0.0,0.0,0.0
2026-06-21,0.0,0.0,0.0,0.0,0.0,0.0,0.0,0.0,0.0,0.0,0.0,0.0,0.0,0.0,0.0,0.0,0.0,0.0,0.0,0.0,0.0,0.0,0.0,0.0,0.0,0.0,0.0,0.0,0.0,0.0,0.0,0.0,0.0,0.0
2026-06-22,0.0,0.0,0.0,0.0,0.0,0.0,0.0,0.0,0.0,0.0,0.0,0.0,0.0,0.0,0.0,0.0,0.0,0.0,0.0,0.0,0.0,0.0,0.0,0.0,0.0,0.0,0.0,0.0,0.0,0.0,0.0,0.0,0.0,0.0
2026-06-23,0.26754967408973607,148.65169143251237,67.96152189133522,-79.86283632713463,7.515187559899583,135.55599593212986,-3.9083641522137915,-1.5846832184836386,71.9378635574087,32.40648042031607,51.39812245715776,-124.91493772841818,20.40566085255504,-27.832999893857224,-1.768846418831643,137.5174462472583,-146.0154497119902,65.22833297654878,118.37010729273992,-2.487229787640972,127.84072447329682,3.5946598858581567,-0.34952752813999544,-2.445783964414324,-3.203980091795267,10.62910978570892,4.65939088581127,-17.334488674341817,42.5839183738937,-79.36779222015767,52.53719779772269,-75.12015991508801,1099.060961496243,-566.1970796325073
2026-06-24,0.0,0.0,0.0,0.0,0.0,0.0,0.0,0.0,0.0,0.0,0.0,0.0,0.0,0.0,0.0,0.0,0.0,0.0,0.0,0.0,0.0,0.0,0.0,0.0,0.0,0.0,0.0,0.0,0.0,0.0,0.0,0.0,0.0,0.0
2026-06-25,0.0,0.0,0.0,0.0,0.0,0.0,0.0,0.0,0.0,0.0,0.0,0.0,0.0,0.0,0.0,0.0,0.0,0.0,0.0,0.0,0.0,0.0,0.0,0.0,0.0,0.0,0.0,0.0,0.0,0.0,0.0,0.0,0.0,0.0
2026-06-26,0.0,0.0,0.0,0.0,0.0,0.0,0.0,0.0,0.0,0.0,0.0,0.0,0.0,0.0,0.0,0.0,0.0,0.0,0.0,0.0,0.0,0.0,0.0,0.0,0.0,0.0,0.0,0.0,0.0,0.0,0.0,0.0,0.0,0.0
2026-06-27,0.0,0.0,0.0,0.0,0.0,0.0,0.0,0.0,0.0,0.0,0.0,0.0,0.0,0.0,0.0,0.0,0.0,0.0,0.0,0.0,0.0,0.0,0.0,0.0,0.0,0.0,0.0,0.0,0.0,0.0,0.0,0.0,0.0,0.0
2026-06-28,0.0,0.0,0.0,0.0,0.0,0.0,0.0,0.0,0.0,0.0,0.0,0.0,0.0,0.0,0.0,0.0,0.0,0.0,0.0,0.0,0.0,0.0,0.0,0.0,0.0,0.0,0.0,0.0,0.0,0.0,0.0,0.0,0.0,0.0
2026-06-29,0.0,0.0,0.0,0.0,0.0,0.0,0.0,0.0,0.0,0.0,0.0,0.0,0.0,0.0,0.0,0.0,0.0,0.0,0.0,0.0,0.0,0.0,0.0,0.0,0.0,0.0,0.0,0.0,0.0,0.0,0.0,0.0,0.0,0.0
2026-06-30,-2.429312385927566,-148.65169143251237,-121.05184778646904,142.30741761750525,1.7143514187989932,20.341360817438982,38.12587572210003,-1.9927428052292961,67.8599539657771,-161.17224555948144,53.26901005318523,33.473958741907495,-118.69918430988061,-38.163854951748945,2.587706540033978,-155.22299477392144,151.64037957459522,-149.61746837951523,-118.33369672710269,144.6885491154545,-113.79813145476376,-5.752416770700162,65.82401676928933,1.1940661828840966,135.11539883370796,-25.561899930782005,131.70317388424613,-101.91798122429991,102.8073402239769,103.09129307582364,24.88911507678889,31.114910131145894,1251.7478777446595,-1262.3654684923345
2026-07-01,0.0,0.0,0.0,0.0,0.0,0.0,0.0,0.0,0.0,0.0,0.0,0.0,0.0,0.0,0.0,0.0,0.0,0.0,0.0,0.0,0.0,0.0,0.0,0.0,0.0,0.0,0.0,0.0,0.0,0.0,0.0,0.0,0.0,0.0
2026-07-02,0.0,0.0,0.0,0.0,0.0,0.0,0.0,0.0,0.0,0.0,0.0,0.0,0.0,0.0,0.0,0.0,0.0,0.0,0.0,0.0,0.0,0.0,0.0,0.0,0.0,0.0,0.0,0.0,0.0,0.0,0.0,0.0,0.0,0.0
2026-07-03,0.0,0.0,0.0,0.0,0.0,0.0,0.0,0.0,0.0,0.0,0.0,0.0,0.0,0.0,0.0,0.0,0.0,0.0,0.0,0.0,0.0,0.0,0.0,0.0,0.0,0.0,0.0,0.0,0.0,0.0,0.0,0.0,0.0,0.0
2026-07-04,0.0,0.0,0.0,0.0,0.0,0.0,0.0,0.0,0.0,0.0,0.0,0.0,0.0,0.0,0.0,0.0,0.0,0.0,0.0,0.0,0.0,0.0,0.0,0.0,0.0,0.0,0.0,0.0,0.0,0.0,0.0,0.0,0.0,0.0
2026-07-05,0.0,0.0,0.0,0.0,0.0,0.0,0.0,0.0,0.0,0.0,0.0,0.0,0.0,0.0,0.0,0.0,0.0,0.0,0.0,0.0,0.0,0.0,0.0,0.0,0.0,0.0,0.0,0.0,0.0,0.0,0.0,0.0,0.0,0.0
2026-07-06,11.128956057408883,0.21158422567415983,159.4052468390334,-60.06474001472252,18.89408101412124,-51.77259945299354,1.8018421366935655,2.0327765731377005,-170.86493217875375,161.17224555948144,-99.05923300667456,40.72307036690848,50.6826853383841,-20.48665286875301,0.5267576226892997,155.22299477392144,-139.06726157643146,2.694602749512531,89.81618590891767,23.88240637897578,125.39383091957168,0.2898589598484105,11.466561308933276,1.6705861747589952,5.795852149915183,22.1441859221207,-139.61038848527417,48.414098424165566,-92.04505615319871,-1.3237289360451396,-57.04621859098581,2.0895574086988344,935.4599668128723,-831.3408112638327
2026-07-07,0.0,0.0,0.0,0.0,0.0,0.0,0.0,0.0,0.0,0.0,0.0,0.0,0.0,0.0,0.0,0.0,0.0,0.0,0.0,0.0,0.0,0.0,0.0,0.0,0.0,0.0,0.0,0.0,0.0,0.0,0.0,0.0,0.0,0.0
2026-07-08,0.0,0.0,0.0,0.0,0.0,0.0,0.0,0.0,0.0,0.0,0.0,0.0,0.0,0.0,0.0,0.0,0.0,0.0,0.0,0.0,0.0,0.0,0.0,0.0,0.0,0.0,0.0,0.0,0.0,0.0,0.0,0.0,0.0,0.0
2026-07-09,0.0,0.0,0.0,0.0,0.0,0.0,0.0,0.0,0.0,0.0,0.0,0.0,0.0,0.0,0.0,0.0,0.0,0.0,0.0,0.0,0.0,0.0,0.0,0.0,0.0,0.0,0.0,0.0,0.0,0.0,0.0,0.0,0.0,0.0
2026-07-10,0.0,0.0,0.0,0.0,0.0,0.0,0.0,0.0,0.0,0.0,0.0,0.0,0.0,0.0,0.0,0.0,0.0,0.0,0.0,0.0,0.0,0.0,0.0,0.0,0.0,0.0,0.0,0.0,0.0,0.0,0.0,0.0,0.0,0.0
2026-07-11,0.0,0.0,0.0,0.0,0.0,0.0,0.0,0.0,0.0,0.0,0.0,0.0,0.0,0.0,0.0,0.0,0.0,0.0,0.0,0.0,0.0,0.0,0.0,0.0,0.0,0.0,0.0,0.0,0.0,0.0,0.0,0.0,0.0,0.0
2026-07-12,-0.10819449595917831,-0.21158422567415983,0.0,3.260641551122768,9.880019681349978,54.009887159929434,31.19645673626315,-0.8774283829615451,46.1243934388478,-173.2268332495792,18.551939126952757,10.774510565702688,1.7740527720732497,206.02739345497739,57.01026493990104,-166.26551953640498,186.98937827095722,58.98650124646197,34.33180233232121,-138.03767363677483,-145.73370771129274,19.506424338731478,31.260231382361496,-1.23467320688162,-44.42602050496533,0.924725622847589,93.13037535191354,62.123004102033335,29.040672567476708,-49.070826401570315,81.35449249865061,-7.371861084678472,1036.2571671408753,-726.5643224367424
2026-07-13,0.0,0.0,0.0,0.0,0.0,0.0,0.0,0.0,0.0,0.0,0.0,0.0,0.0,0.0,0.0,0.0,0.0,0.0,0.0,0.0,0.0,0.0,0.0,0.0,0.0,0.0,0.0,0.0,0.0,0.0,0.0,0.0,0.0,0.0
2026-07-14,0.0,0.0,0.0,0.0,0.0,0.0,0.0,0.0,0.0,0.0,0.0,0.0,0.0,0.0,0.0,0.0,0.0,0.0,0.0,0.0,0.0,0.0,0.0,0.0,0.0,0.0,0.0,0.0,0.0,0.0,0.0,0.0,0.0,0.0
2026-07-15,0.0,0.0,0.0,0.0,0.0,0.0,0.0,0.0,0.0,0.0,0.0,0.0,0.0,0.0,0.0,0.0,0.0,0.0,0.0,0.0,0.0,0.0,0.0,0.0,0.0,0.0,0.0,0.0,0.0,0.0,0.0,0.0,0.0,0.0
2026-07-16,0.0,0.0,0.0,0.0,0.0,0.0,0.0,0.0,0.0,0.0,0.0,0.0,0.0,0.0,0.0,0.0,0.0,0.0,0.0,0.0,0.0,0.0,0.0,0.0,0.0,0.0,0.0,0.0,0.0,0.0,0.0,0.0,0.0,0.0
2026-07-17,0.0,0.0,0.0,0.0,0.0,0.0,0.0,0.0,0.0,0.0,0.0,0.0,0.0,0.0,0.0,0.0,0.0,0.0,0.0,0.0,0.0,0.0,0.0,0.0,0.0,0.0,0.0,0.0,0.0,0.0,0.0,0.0,0.0,0.0
2026-07-18,0.6607926747953461,0.0,-132.8279505584624,-91.2663254777964,180.0840673080582,-160.4484753466541,37.387941331940006,-0.6514852506889729,14.15539866898545,-28.558232437554775,8.499130127072975,-110.24634284490993,52.34882908181721,4.386973979141767,-72.1275657132614,-19.851720195212867,-149.0418008798944,48.05910609132025,-108.63268404397179,-23.94207091581356,-30.424946419706625,-3.850815450908733,-97.40600526941728,1.0948430113062495,-103.09232627979695,0.8358439527691808,111.07542945121845,-56.67288993784442,80.59746205327765,-3.727980199458514,0.0,49.28755345992175,588.4733711916244,-1192.7696172213532
2026-07-19,0.0,0.0,0.0,0.0,0.0,0.0,0.0,0.0,0.0,0.0,0.0,0.0,0.0,0.0,0.0,0.0,0.0,0.0,0.0,0.0,0.0,0.0,0.0,0.0,0.0,0.0,0.0,0.0,0.0,0.0,0.0,0.0,0.0,0.0
2026-07-20,0.0,0.0,0.0,0.0,0.0,0.0,0.0,0.0,0.0,0.0,0.0,0.0,0.0,0.0,0.0,0.0,0.0,0.0,0.0,0.0,0.0,0.0,0.0,0.0,0.0,0.0,0.0,0.0,0.0,0.0,0.0,0.0,0.0,0.0
2026-07-21,0.0,0.0,0.0,0.0,0.0,0.0,0.0,0.0,0.0,0.0,0.0,0.0,0.0,0.0,0.0,0.0,0.0,0.0,0.0,0.0,0.0,0.0,0.0,0.0,0.0,0.0,0.0,0.0,0.0,0.0,0.0,0.0,0.0,0.0
2026-07-22,0.0,0.0,0.0,0.0,0.0,0.0,0.0,0.0,0.0,0.0,0.0,0.0,0.0,0.0,0.0,0.0,0.0,0.0,0.0,0.0,0.0,0.0,0.0,0.0,0.0,0.0,0.0,0.0,0.0,0.0,0.0,0.0,0.0,0.0
2026-07-23,0.0,0.0,0.0,0.0,0.0,0.0,0.0,0.0,0.0,0.0,0.0,0.0,0.0,0.0,0.0,0.0,0.0,0.0,0.0,0.0,0.0,0.0,0.0,0.0,0.0,0.0,0.0,0.0,0.0,0.0,0.0,0.0,0.0,0.0
2026-07-24,5.913888051067566,0.0,96.78864830491978,110.17321427689642,0.0,156.63195143818749,31.591813455644413,2.027209405816364,-29.75544353519597,0.1338898181442346,8.951877545781855,5.730073720411077,-202.67454387527988,-98.49000158725481,134.8703691469236,-10.423492853742035,-49.13436081953085,39.877258292220475,108.63268404397179,161.30868370190498,-3.7154221695013403,2.397038875377359,27.535618025769423,0.5515433190529293,180.99099430219403,0.6977322421465652,-204.38340132178638,-3.0728891190248544,0.0,46.64131899446357,0.0,-79.08980590175302,1121.4458069608936,-680.7393611830691
2026-07-25,0.0,0.0,0.0,0.0,0.0,0.0,0.0,0.0,0.0,0.0,0.0,0.0,0.0,0.0,0.0,0.0,0.0,0.0,0.0,0.0,0.0,0.0,0.0,0.0,0.0,0.0,0.0,0.0,0.0,0.0,0.0,0.0,0.0,0.0
2026-07-26,0.0,0.0,0.0,0.0,0.0,0.0,0.0,0.0,0.0,0.0,0.0,0.0,0.0,0.0,0.0,0.0,0.0,0.0,0.0,0.0,0.0,0.0,0.0,0.0,0.0,0.0,0.0,0.0,0.0,0.0,0.0,0.0,0.0,0.0
2026-07-27,0.0,0.0,0.0,0.0,0.0,0.0,0.0,0.0,0.0,0.0,0.0,0.0,0.0,0.0,0.0,0.0,0.0,0.0,0.0,0.0,0.0,0.0,0.0,0.0,0.0,0.0,0.0,0.0,0.0,0.0,0.0,0.0,0.0,0.0
2026-07-28,0.0,0.0,0.0,0.0,0.0,0.0,0.0,0.0,0.0,0.0,0.0,0.0,0.0,0.0,0.0,0.0,0.0,0.0,0.0,0.0,0.0,0.0,0.0,0.0,0.0,0.0,0.0,0.0,0.0,0.0,0.0,0.0,0.0,0.0
2026-07-29,0.0,0.0,0.0,0.0,0.0,0.0,0.0,0.0,0.0,0.0,0.0,0.0,0.0,0.0,0.0,0.0,0.0,0.0,0.0,0.0,0.0,0.0,0.0,0.0,0.0,0.0,0.0,0.0,0.0,0.0,0.0,0.0,0.0,0.0
2026-07-30,29.177000697218055,106.8658649559725,29.527379897700886,-34.43540480903571,-170.129518033591,-3.4850689090788074,1.2588569902892923,-1.2579548355375882,2.797483050512732,-12.003995340024849,-33.96817921142337,157.11991356316014,209.07631813588398,27.31050872323339,-138.14076159759384,11.965283689309203,198.17616169942525,-166.10795959253394,-184.19713155219964,-179.70870125925398,2.3078798620915912,-2.82793724824494,33.408407685906305,-1.7235955421883555,-67.38061071680356,-1.019668304836523,179.65535400860114,52.780117565278374,-117.34006299225457,-49.58955543676009,-22.82210726217259,1.1857768136815285,1042.6123073382646,-1186.138212643533
2026-07-31,0.0,0.0,0.0,0.0,0.0,0.0,0.0,0.0,0.0,0.0,0.0,0.0,0.0,0.0,0.0,0.0,0.0,0.0,0.0,0.0,0.0,0.0,0.0,0.0,0.0,0.0,0.0,0.0,0.0,0.0,0.0,0.0,0.0,0.0
2026-08-01,0.0,0.0,0.0,0.0,0.0,0.0,0.0,0.0,0.0,0.0,0.0,0.0,0.0,0.0,0.0,0.0,0.0,0.0,0.0,0.0,0.0,0.0,0.0,0.0,0.0,0.0,0.0,0.0,0.0,0.0,0.0,0.0,0.0,0.0
2026-08-02,0.0,0.0,0.0,0.0,0.0,0.0,0.0,0.0,0.0,0.0,0.0,0.0,0.0,0.0,0.0,0.0,0.0,0.0,0.0,0.0,0.0,0.0,0.0,0.0,0.0,0.0,0.0,0.0,0.0,0.0,0.0,0.0,0.0,0.0
2026-08-03,0.0,0.0,0.0,0.0,0.0,0.0,0.0,0.0,0.0,0.0,0.0,0.0,0.0,0.0,0.0,0.0,0.0,0.0,0.0,0.0,0.0,0.0,0.0,0.0,0.0,0.0,0.0,0.0,0.0,0.0,0.0,0.0,0.0,0.0
2026-08-04,0.0,0.0,0.0,0.0,0.0,0.0,0.0,0.0,0.0,0.0,0.0,0.0,0.0,0.0,0.0,0.0,0.0,0.0,0.0,0.0,0.0,0.0,0.0,0.0,0.0,0.0,0.0,0.0,0.0,0.0,0.0,0.0,0.0,0.0
2026-08-05,21.12907019889317,-106.8658649559725,6.511922355841729,-5.7610784803914,-42.48679339207563,-127.37814643427363,68.61929874032148,1.4258875633870194,133.03518901838302,202.4264392708984,32.021046974293206,-104.36907317886588,-116.54154921026554,-74.3988844897284,181.67761145250847,2.518709134998382,-192.66669679625107,166.10795959253394,156.23888203948925,78.86878695230934,0.8643383114062599,5.252762781769357,36.46197955774155,0.8600050410297408,67.38061071680356,-1.7217646825586854,2.091880175831349,-3.619912611830805,72.2182028496371,-0.1773965035618894,22.82210726217259,10.526196375245913,1269.058886365495,-775.9871607357754
2026-08-06,0.0,0.0,0.0,0.0,0.0,0.0,0.0,0.0,0.0,0.0,0.0,0.0,0.0,0.0,0.0,0.0,0.0,0.0,0.0,0.0,0.0,0.0,0.0,0.0,0.0,0.0,0.0,0.0,0.0,0.0,0.0,0.0,0.0,0.0
2026-08-07,0.0,0.0,0.0,0.0,0.0,0.0,0.0,0.0,0.0,0.0,0.0,0.0,0.0,0.0,0.0,0.0,0.0,0.0,0.0,0.0,0.0,0.0,0.0,0.0,0.0,0.0,0.0,0.0,0.0,0.0,0.0,0.0,0.0,0.0
2026-08-08,0.0,0.0,0.0,0.0,0.0,0.0,0.0,0.0,0.0,0.0,0.0,0.0,0.0,0.0,0.0,0.0,0.0,0.0,0.0,0.0,0.0,0.0,0.0,0.0,0.0,0.0,0.0,0.0,0.0,0.0,0.0,0.0,0.0,0.0
2026-08-09,0.0,0.0,0.0,0.0,0.0,0.0,0.0,0.0,0.0,0.0,0.0,0.0,0.0,0.0,0.0,0.0,0.0,0.0,0.0,0.0,0.0,0.0,0.0,0.0,0.0,0.0,0.0,0.0,0.0,0.0,0.0,0.0,0.0,0.0
2026-08-10,0.0,0.0,0.0,0.0,0.0,0.0,0.0,0.0,0.0,0.0,0.0,0.0,0.0,0.0,0.0,0.0,0.0,0.0,0.0,0.0,0.0,0.0,0.0,0.0,0.0,0.0,0.0,0.0,0.0,0.0,0.0,0.0,0.0,0.0
2026-08-11,99.41617947704671,214.93512189118212,-36.4630512851142,51.678468665671176,21.844320671853318,115.5630094923869,3.784711505451007,-2.195568931101996,-159.702209388554,-136.56409388493205,-45.6119562979848,49.10913588381158,61.567883542147236,-7.0256379360559515,-38.373471813037035,182.0567397610523,192.66669679625107,-126.3040390662487,-118.78979241093703,101.51097515762804,165.3219355918799,3.1571296697240325,-47.618728870920776,1.5942514108393224,-143.99325580973542,-4.795084146902052,-79.69772532534758,-96.40055044704664,-1.9865660050905136,48.076195183097994,-2.921682143500948,-10.045859693660153,1312.2827547000231,-1058.4892734561697
2026-08-12,0.0,0.0,0.0,0.0,0.0,0.0,0.0,0.0,0.0,0.0,0.0,0.0,0.0,0.0,0.0,0.0,0.0,0.0,0.0,0.0,0.0,0.0,0.0,0.0,0.0,0.0,0.0,0.0,0.0,0.0,0.0,0.0,0.0,0.0
2026-08-13,0.0,0.0,0.0,0.0,0.0,0.0,0.0,0.0,0.0,0.0,0.0,0.0,0.0,0.0,0.0,0.0,0.0,0.0,0.0,0.0,0.0,0.0,0.0,0.0,0.0,0.0,0.0,0.0,0.0,0.0,0.0,0.0,0.0,0.0
