date,jask_0,jask_1,jask_10,jask_11,jask_12,jask_13,jask_14,jask_15,jask_16,jask_17,jask_18,jask_19,jask_2,jask_3,jask_4,jask_5,jask_6,jask_7,jask_8,jask_9,total_build,total_draw
2026-06-17,0.0,0.0,0.0,0.0,0.0,0.0,0.0,0.0,0.0,0.0,0.0,0.0,0.0,0.0,0.0,0.0,0.0,0.0,0.0,0.0,0.0,0.0
2026-06-18,-273.0671034141236,-536.1161647470522,439.6789735429367,-2.012158566929633,-10.17596546079393,8.244533676312363,-9.756122071747319,-16.51472375087341,0.0,0.0,0.0,27.638238450259088,173.7883908881969,-488.4415446034791,-19.48673552557768,-5.526541050566826,3.562245256403112,-29.070804019604285,0.0,0.0,652.9123818141082,-1390.1678632107478
2026-06-19,0.0,0.0,0.0,0.0,0.0,0.0,0.0,0.0,0.0,0.0,0.0,0.0,0.0,0.0,0.0,0.0,0.0,0.0,0.0,0.0,0.0,0.0
2026-06-20,-37.83389431075932,-14.461607523846556,6.402697071073402,-12.766256362524233,-6.6524411034677176,-36.55868159104849,-0.9861671969313175,5.153634359064163,0.0,-12.883733486863902,0.0,-33.210447214602375,-518.8347730580903,130.11141456258753,8.547874227225199,-10.137402337956242,126.16143651348732,9.099040038111387,0.0,0.0,285.476096771549,-684.3254041860904
2026-06-21,0.0,0.0,0.0,0.0,0.0,0.0,0.0,0.0,0.0,0.0,0.0,0.0,0.0,0.0,0.0,0.0,0.0,0.0,0.0,0.0,0.0,0.0
2026-06-22,0.0,0.0,0.0,0.0,0.0,0.0,0.0,0.0,0.0,0.0,0.0,0.0,0.0,0.0,0.0,0.0,0.0,0.0,0.0,0.0,0.0,0.0
2026-06-23,55.79270639844256,34.64023469472875,68.34412812121923,17.1567840496056,18.759002522683122,60.04201276682853,28.55473103060399,8.299203240923525,0.0,12.883733486863902,0.0,33.210447214602375,-19.39367141227826,68.73642805962608,2.725030524528178,18.14498831207765,-5.31208802255278,-4.793849600502872,0.0,0.0,427.28943042273346,-29.49960903533391
2026-06-24,0.0,0.0,0.0,0.0,0.0,0.0,0.0,0.0,0.0,0.0,0.0,0.0,0.0,0.0,0.0,0.0,0.0,0.0,0.0,0.0,0.0,0.0
2026-06-25,0.0,0.0,0.0,0.0,0.0,0.0,0.0,0.0,0.0,0.0,0.0,0.0,0.0,0.0,0.0,0.0,0.0,0.0,0.0,0.0,0.0,0.0
2026-06-26,0.0,0.0,0.0,0.0,0.0,0.0,0.0,0.0,0.0,0.0,0.0,0.0,0.0,0.0,0.0,0.0,0.0,0.0,0.0,0.0,0.0,0.0
2026-06-27,-33.364255732488644,349.1684244585815,0.0,0.0,-1.9437251279044432,-42.35034425585054,-17.279074176611495,2.6383978014318856,0.0,0.0,0.0,-19.36624833098834,36.64923887497606,25.910108821562492,9.063822736889298,-5.793271164403472,16.061891401734844,30.594041301801276,0.0,0.0,470.08592539697736,-120.09691878824692
2026-06-28,0.0,0.0,0.0,0.0,0.0,0.0,0.0,0.0,0.0,0.0,0.0,0.0,0.0,0.0,0.0,0.0,0.0,0.0,0.0,0.0,0.0,0.0
2026-06-29,0.0,0.0,0.0,0.0,0.0,0.0,0.0,0.0,0.0,0.0,0.0,0.0,0.0,0.0,0.0,0.0,0.0,0.0,0.0,0.0,0.0,0.0
2026-06-30,25.45882590242644,160.60367196710607,0.0,0.0,-7.509186446492327,27.927752904475376,-0.45097849924879846,-11.33087604085816,0.0,0.0,0.0,19.36624833098834,-44.96557398257521,46.567411879366205,-16.80906909596565,-0.32441259246686244,-27.813118943030773,-28.52958608902531,0.0,0.0,279.9239109843624,-137.7328016896631
2026-07-01,0.0,0.0,0.0,0.0,0.0,0.0,0.0,0.0,0.0,0.0,0.0,0.0,0.0,0.0,0.0,0.0,0.0,0.0,0.0,0.0,0.0,0.0
2026-07-02,0.0,0.0,0.0,0.0,0.0,0.0,0.0,0.0,0.0,0.0,0.0,0.0,0.0,0.0,0.0,0.0,0.0,0.0,0.0,0.0,0.0,0.0
2026-07-03,-33.34148911158339,6.013205363001325,0.0,0.0,-0.2180172628283035,-31.42370549125626,-8.482288208731159,1.9362552487016655,0.0,-3.0995276283267885,0.0,-29.72852195091336,198.837204966968,217.1161812803368,11.037552120381093,-5.400811041329056,18.93574045449798,14.566075575280236,0.0,0.0,468.4422150091671,-111.69436069496831
2026-07-04,0.0,0.0,0.0,0.0,0.0,0.0,0.0,0.0,0.0,0.0,0.0,0.0,0.0,0.0,0.0,0.0,0.0,0.0,0.0,0.0,0.0,0.0
2026-07-05,0.0,0.0,0.0,0.0,0.0,0.0,0.0,0.0,0.0,0.0,0.0,0.0,0.0,0.0,0.0,0.0,0.0,0.0,0.0,0.0,0.0,0.0
2026-07-06,0.0,0.0,0.0,0.0,0.0,0.0,0.0,0.0,0.0,0.0,0.0,0.0,0.0,0.0,0.0,0.0,0.0,0.0,0.0,0.0,0.0,0.0
2026-07-07,0.0,0.0,0.0,0.0,0.0,0.0,0.0,0.0,0.0,0.0,0.0,0.0,0.0,0.0,0.0,0.0,0.0,0.0,0.0,0.0,0.0,0.0
2026-07-08,0.0,0.0,0.0,0.0,0.0,0.0,0.0,0.0,0.0,0.0,0.0,0.0,0.0,0.0,0.0,0.0,0.0,0.0,0.0,0.0,0.0,0.0
2026-07-09,316.8448564508754,0.15223578748106956,0.0,0.0,3.0456649468927646,-8.676818986652885,3.317546965994465,4.5373292237889835,0.0,1.8471342159162742,0.0,-91.64245478708699,347.70757461099976,0.0,3.5628672437832574,2.9064655881232464,8.726816686133796,11.827101177168428,0.0,0.0,704.4755928971574,-100.31927377373988
2026-07-10,0.0,0.0,0.0,0.0,0.0,0.0,0.0,0.0,0.0,0.0,0.0,0.0,0.0,0.0,0.0,0.0,0.0,0.0,0.0,0.0,0.0,0.0
2026-07-11,0.0,0.0,0.0,0.0,0.0,0.0,0.0,0.0,0.0,0.0,0.0,0.0,0.0,0.0,0.0,0.0,0.0,0.0,0.0,0.0,0.0,0.0
2026-07-12,0.0,0.0,0.0,0.0,0.0,0.0,0.0,0.0,0.0,0.0,0.0,0.0,0.0,0.0,0.0,0.0,0.0,0.0,0.0,0.0,0.0,0.0
2026-07-13,0.0,0.0,0.0,0.0,0.0,0.0,0.0,0.0,0.0,0.0,0.0,0.0,0.0,0.0,0.0,0.0,0.0,0.0,0.0,0.0,0.0,0.0
2026-07-14,0.0,0.0,0.0,0.0,0.0,0.0,0.0,0.0,0.0,0.0,0.0,0.0,0.0,0.0,0.0,0.0,0.0,0.0,0.0,0.0,0.0,0.0
2026-07-15,209.52324476697262,-193.7578156683834,0.0,0.0,-5.621774848362548,4.990454122988391,-0.8741476868390455,-2.645188841512194,0.0,0.6955711808850756,0.0,-5.101065481464379,0.0,-462.96623954795757,-3.29264441682247,-1.044194198558631,178.50208302107117,44.52270255523478,0.0,0.0,438.23405564715205,-675.3030706899002
2026-07-16,0.0,0.0,0.0,0.0,0.0,0.0,0.0,0.0,0.0,0.0,0.0,0.0,0.0,0.0,0.0,0.0,0.0,0.0,0.0,0.0,0.0,0.0
2026-07-17,0.0,0.0,0.0,0.0,0.0,0.0,0.0,0.0,0.0,0.0,0.0,0.0,0.0,0.0,0.0,0.0,0.0,0.0,0.0,0.0,0.0,0.0
2026-07-18,0.0,0.0,0.0,0.0,0.0,0.0,0.0,0.0,0.0,0.0,0.0,0.0,0.0,0.0,0.0,0.0,0.0,0.0,0.0,0.0,0.0,0.0
2026-07-19,0.0,0.0,0.0,0.0,0.0,0.0,0.0,0.0,0.0,0.0,0.0,0.0,0.0,0.0,0.0,0.0,0.0,0.0,0.0,0.0,0.0,0.0
2026-07-20,0.0,0.0,0.0,0.0,0.0,0.0,0.0,0.0,0.0,0.0,0.0,0.0,0.0,0.0,0.0,0.0,0.0,0.0,0.0,0.0,0.0,0.0
2026-07-21,-507.33886960086113,14.306388103510953,0.0,0.0,0.26667544812639243,-4.427334526095656,-0.09236710353504168,-1.5944690615208237,0.0,0.5568222315254389,0.0,-7.137252717620635,-463.35755301140233,121.74916906105983,-1.0438800731761149,-2.7730109806464753,-0.28829359760670925,168.09507192285685,0.0,0.0,304.9741267670795,-988.0530306724648
2026-07-22,0.0,0.0,0.0,0.0,0.0,0.0,0.0,0.0,0.0,0.0,0.0,0.0,0.0,0.0,0.0,0.0,0.0,0.0,0.0,0.0,0.0,0.0
2026-07-23,0.0,0.0,0.0,0.0,0.0,0.0,0.0,0.0,0.0,0.0,0.0,0.0,0.0,0.0,0.0,0.0,0.0,0.0,0.0,0.0,0.0,0.0
2026-07-24,100.19951920407644,37.49097971578117,0.0,0.0,15.338461056166677,52.19642223203729,18.591258734175877,3.2916840528662434,-140.51733548336924,-168.25270602619136,0.0,7.323739494631125,288.815624879147,72.97009853503423,-1.5528358516717562,26.39084702727117,-25.774885771131608,12.12893085830036,0.0,0.0,634.7375657894876,-336.097763132364
2026-07-25,0.0,0.0,0.0,0.0,0.0,0.0,0.0,0.0,0.0,0.0,0.0,0.0,0.0,0.0,0.0,0.0,0.0,0.0,0.0,0.0,0.0,0.0
2026-07-26,0.0,0.0,0.0,0.0,0.0,0.0,0.0,0.0,0.0,0.0,0.0,0.0,0.0,0.0,0.0,0.0,0.0,0.0,0.0,0.0,0.0,0.0
2026-07-27,209.53981649068487,-31.221400280049536,0.0,0.0,-11.798552788388683,-53.91695703160681,-14.628269857268547,2.589592500726634,-32.16001965815696,-6.6860529958111,0.0,-8.215297329243098,35.75269310374919,20.895316447967375,5.474500904362241,-20.85465031754365,30.1332301369895,-7.15351479545486,0.0,0.0,304.3851495844798,-186.63471505352325
2026-07-28,0.0,0.0,0.0,0.0,0.0,0.0,0.0,0.0,0.0,0.0,0.0,0.0,0.0,0.0,0.0,0.0,0.0,0.0,0.0,0.0,0.0,0.0
2026-07-29,0.0,0.0,0.0,0.0,0.0,0.0,0.0,0.0,0.0,0.0,0.0,0.0,0.0,0.0,0.0,0.0,0.0,0.0,0.0,0.0,0.0,0.0
2026-07-30,15.121897300154902,11.351651922056801,0.0,0.0,12.484532129067928,51.06154588275199,10.517351530833345,-2.887996218747692,33.15761816714739,5.645607126058661,0.0,5.725780765235307,-42.819896338936935,-30.08658351104084,-5.2046231114111725,22.86510487532633,-34.806679651328714,5.31152615022863,0.0,0.0,173.24261584886125,-115.80577883146535
2026-07-31,0.0,0.0,0.0,0.0,0.0,0.0,0.0,0.0,0.0,0.0,0.0,0.0,0.0,0.0,0.0,0.0,0.0,0.0,0.0,0.0,0.0,0.0
2026-08-01,0.0,0.0,0.0,0.0,0.0,0.0,0.0,0.0,0.0,0.0,0.0,0.0,0.0,0.0,0.0,0.0,0.0,0.0,0.0,0.0,0.0,0.0
2026-08-02,-10.020627254848893,-9.471762266119768,0.0,0.0,-5.597232763095759,-34.08562922510475,-9.819335196142841,2.9000374749908224,-317.5732332603195,-295.2814295437406,0.0,-406.8009632327161,20.050490424256946,29.08189343931532,5.887228426937538,-23.04827160207287,38.96906397047895,-2.3917165602352473,0.0,0.0,96.88871373597956,-1114.0902009043962
2026-08-03,0.0,0.0,0.0,0.0,0.0,0.0,0.0,0.0,0.0,0.0,0.0,0.0,0.0,0.0,0.0,0.0,0.0,0.0,0.0,0.0,0.0,0.0
2026-08-04,0.0,0.0,0.0,0.0,0.0,0.0,0.0,0.0,0.0,0.0,0.0,0.0,0.0,0.0,0.0,0.0,0.0,0.0,0.0,0.0,0.0,0.0
2026-08-05,16.611240121354466,37.686931421668795,0.0,0.0,13.010487270297716,44.1196999729707,20.790201913253988,4.958513278171246,93.94260358414648,3.4441082843602056,0.0,-6.572072329915478,-6.111396020488697,-19.354338412814833,8.39654596860637,33.743919381941666,-33.369857438563315,12.013523961760221,0.0,0.0,288.7177751585318,-65.40766420178232
2026-08-06,0.0,0.0,0.0,0.0,0.0,0.0,0.0,0.0,0.0,0.0,0.0,0.0,0.0,0.0,0.0,0.0,0.0,0.0,0.0,0.0,0.0,0.0
2026-08-07,0.0,0.0,0.0,0.0,0.0,0.0,0.0,0.0,0.0,0.0,0.0,0.0,0.0,0.0,0.0,0.0,0.0,0.0,0.0,0.0,0.0,0.0
2026-08-08,-19.5210058514743,-40.44561093931738,0.0,0.0,-13.893462455951028,-47.155660989651516,-20.72162347857363,-4.729100995532412,-97.74087565190001,-9.098535795616394,0.0,10.870406669249293,29.33469986965251,21.015567659827298,-6.4816373746460885,-29.824373358054437,33.203600357668996,-9.76323455408396,0.0,0.0,94.4242745563981,-299.3751214448012
2026-08-09,0.0,0.0,0.0,0.0,0.0,0.0,0.0,0.0,0.0,0.0,0.0,0.0,0.0,0.0,0.0,0.0,0.0,0.0,0.0,0.0,0.0,0.0
2026-08-10,0.0,0.0,0.0,0.0,0.0,0.0,0.0,0.0,0.0,0.0,0.0,0.0,0.0,0.0,0.0,0.0,0.0,0.0,0.0,0.0,0.0,0.0
2026-08-11,8.667728786928405,174.06063799085234,-9.160095668869559,-3.819162843921338,-15.500058101764765,9.92542084542307,-14.70500038235169,-16.98152299260936,63.72452112198068,-8.986641897137336,-1.8171204411662185,2.7127396401314763,-71.4297042517959,-43.23213465913391,-26.982041118216177,0.6979008132127928,-52.17766447025037,-16.464392693013536,0.0,0.0,259.78894919852877,-281.2555395202302
2026-08-12,0.0,0.0,0.0,0.0,0.0,0.0,0.0,0.0,0.0,0.0,0.0,0.0,0.0,0.0,0.0,0.0,0.0,0.0,0.0,0.0,0.0,0.0
2026-08-13,0.0,0.0,0.0,0.0,0.0,0.0,0.0,0.0,0.0,0.0,0.0,0.0,0.0,0.0,0.0,0.0,0.0,0.0,0.0,0.0,0.0,0.0
