date,khargIsland_0,khargIsland_1,khargIsland_10,khargIsland_11,khargIsland_12,khargIsland_13,khargIsland_14,khargIsland_15,khargIsland_16,khargIsland_17,khargIsland_18,khargIsland_19,khargIsland_2,khargIsland_20,khargIsland_21,khargIsland_22,khargIsland_23,khargIsland_24,khargIsland_25,khargIsland_26,khargIsland_27,khargIsland_28,khargIsland_29,khargIsland_3,khargIsland_30,khargIsland_31,khargIsland_32,khargIsland_33,khargIsland_34,khargIsland_35,khargIsland_36,khargIsland_37,khargIsland_38,khargIsland_39,khargIsland_4,khargIsland_40,khargIsland_41,khargIsland_42,khargIsland_43,khargIsland_44,khargIsland_45,khargIsland_46,khargIsland_47,khargIsland_48,khargIsland_49,khargIsland_5,khargIsland_50,khargIsland_51,khargIsland_52,khargIsland_6,khargIsland_7,khargIsland_8,khargIsland_9,total_build,total_draw
2026-06-17,0.0,0.0,0.0,0.0,0.0,0.0,0.0,0.0,0.0,0.0,0.0,0.0,0.0,0.0,0.0,0.0,0.0,0.0,0.0,0.0,0.0,0.0,0.0,0.0,0.0,0.0,0.0,0.0,0.0,0.0,0.0,0.0,0.0,0.0,0.0,0.0,0.0,0.0,0.0,0.0,0.0,0.0,0.0,0.0,0.0,0.0,0.0,0.0,0.0,0.0,0.0,0.0,0.0,0.0,0.0
2026-06-18,22.197401931565604,-15.069599269711762,0.0,47.134310524975064,0.0,-169.5486275146248,0.0,-24.951750677003524,0.0,0.0,76.82674243265348,-0.32141028285882206,0.0,0.0,-82.02644470219943,-21.229245155214798,1.657524407875084,0.0,-30.743345315767627,-10.015395731978439,10.95325915408763,0.0,-19.069318222922973,-106.32570375616616,-10.737245650250815,0.0,0.0,0.0,-11.512559023263428,0.0,0.0,-20.400189494509018,0.0,0.0,0.0,-9.43771254542131,0.0,-65.25838030390453,0.0,158.58595174344455,11.624006513677887,108.84224744819907,413.18889806819794,69.00292316412086,0.0,34.694232612865626,-6.302024086021848,-48.65542478187126,-7.410820835364284,-171.1771026451299,-34.93531608714128,0.0,0.0,954.7074980016629,-865.1276160813261
2026-06-19,-7.397847080296022,15.664314860661165,0.0,101.64037475620769,0.0,82.23875851358596,0.0,44.50218791765976,0.0,0.0,10.335495951475925,0.32141028285882206,0.0,0.0,35.60894684967684,-3.209227881033323,0.0,0.0,-7.464834316462395,-14.296006937861153,-18.219092915249988,0.0,7.5229808683083395,86.8007338534008,10.737245650250815,0.0,0.0,0.0,11.512559023263428,0.0,0.0,20.400189494509018,0.0,0.0,0.0,9.43771254542131,0.0,177.69922249733088,0.0,0.0,-17.214987468449515,67.78670168354921,-413.18889806819794,-20.002740804874804,0.0,-78.39865362583578,2.9004190722513012,23.758499157318845,6.88811140235189,15.102839276015176,35.72444475046988,0.0,0.0,766.583148406567,-579.3922890982609
2026-06-20,0.0,0.0,0.0,0.0,0.0,0.0,0.0,0.0,0.0,0.0,0.0,0.0,0.0,0.0,0.0,0.0,0.0,0.0,0.0,0.0,0.0,0.0,0.0,0.0,0.0,0.0,0.0,0.0,0.0,0.0,0.0,0.0,0.0,0.0,0.0,0.0,0.0,0.0,0.0,0.0,0.0,0.0,0.0,0.0,0.0,0.0,0.0,0.0,0.0,0.0,0.0,0.0,0.0,0.0,0.0
2026-06-21,0.0,0.0,0.0,0.0,0.0,0.0,0.0,0.0,0.0,0.0,0.0,0.0,0.0,0.0,0.0,0.0,0.0,0.0,0.0,0.0,0.0,0.0,0.0,0.0,0.0,0.0,0.0,0.0,0.0,0.0,0.0,0.0,0.0,0.0,0.0,0.0,0.0,0.0,0.0,0.0,0.0,0.0,0.0,0.0,0.0,0.0,0.0,0.0,0.0,0.0,0.0,0.0,0.0,0.0,0.0
2026-06-22,0.0,0.0,0.0,0.0,0.0,0.0,0.0,0.0,0.0,0.0,0.0,0.0,0.0,0.0,0.0,0.0,0.0,0.0,0.0,0.0,0.0,0.0,0.0,0.0,0.0,0.0,0.0,0.0,0.0,0.0,0.0,0.0,0.0,0.0,0.0,0.0,0.0,0.0,0.0,0.0,0.0,0.0,0.0,0.0,0.0,0.0,0.0,0.0,0.0,0.0,0.0,0.0,0.0,0.0,0.0
2026-06-23,32.80123738887161,-30.572570916838362,-470.3967472135649,-116.78200873798819,-334.9734077166894,-360.18861638735365,-303.18989229362796,-154.49223327417346,0.0,0.0,0.9830409631672665,-8.985033033886051,0.0,-15.714273428397487,-272.68930402182394,-169.57588662882645,0.0,-281.9848367458235,-191.59995384050853,-44.476170480204864,-271.06488810503487,-316.38074857854986,-14.264259781868546,-85.91958177112147,-77.3665067098674,-66.30814470074769,-68.76352177034869,-76.1373317028734,-74.79929307949124,0.0,-60.33536884177255,-75.49293370755946,-24.36570406025593,-38.366510370205276,-681.4592012058424,-22.468896610627677,-6.444617059940356,-348.9635538934044,-285.61662477555416,-646.1158873839167,-19.142788146769394,77.85153997911374,413.18889806819794,67.93773511254753,0.0,-88.66440433209168,-5.466716857495165,43.645043158140616,2.6839471836296145,-143.4106732647546,-46.224730101339986,-498.13465481157795,-437.01889359374155,639.0914418536684,-7234.31736993646
2026-06-24,0.0,0.0,0.0,0.0,0.0,0.0,0.0,0.0,0.0,0.0,0.0,0.0,0.0,0.0,0.0,0.0,0.0,0.0,0.0,0.0,0.0,0.0,0.0,0.0,0.0,0.0,0.0,0.0,0.0,0.0,0.0,0.0,0.0,0.0,0.0,0.0,0.0,0.0,0.0,0.0,0.0,0.0,0.0,0.0,0.0,0.0,0.0,0.0,0.0,0.0,0.0,0.0,0.0,0.0,0.0
2026-06-25,0.0,0.0,0.0,0.0,0.0,0.0,0.0,0.0,0.0,0.0,0.0,0.0,0.0,0.0,0.0,0.0,0.0,0.0,0.0,0.0,0.0,0.0,0.0,0.0,0.0,0.0,0.0,0.0,0.0,0.0,0.0,0.0,0.0,0.0,0.0,0.0,0.0,0.0,0.0,0.0,0.0,0.0,0.0,0.0,0.0,0.0,0.0,0.0,0.0,0.0,0.0,0.0,0.0,0.0,0.0
2026-06-26,454.6126549418691,27.167490632107484,42.794347847902564,-13.295543770227349,68.78280650510546,84.46546881361981,-20.59485585881409,101.6488282602909,0.0,-526.324984778228,-166.65511469717137,8.985033033886051,0.0,-39.06626028596773,154.3155408737723,107.75738372752146,-276.26506955383485,18.08162381540885,27.14383883920632,41.47687141478845,-8.046502101234742,31.83466331922944,19.08433144844044,39.4611208705171,34.12595952398132,7.475258321389294,41.38032877687723,24.34677425609293,36.55231129462516,-55.770989474285976,5.841429605707614,26.99688673411688,24.36570406025593,38.366510370205276,96.42010208762228,12.378467217550366,6.444617059940356,160.82609631267783,96.64715666601388,-71.84940700520296,30.324876679963666,0.0,-413.18889806819794,6.388270282272657,0.0,14.02974261644925,9.211911090810288,73.63359926583205,-9.987356804563227,-51.15515894771199,47.680125277566724,-6.009669642798253,-4.291167119327234,2021.0481318436173,-1662.500978107565
2026-06-27,0.0,0.0,0.0,0.0,0.0,0.0,0.0,0.0,0.0,0.0,0.0,0.0,0.0,0.0,0.0,0.0,0.0,0.0,0.0,0.0,0.0,0.0,0.0,0.0,0.0,0.0,0.0,0.0,0.0,0.0,0.0,0.0,0.0,0.0,0.0,0.0,0.0,0.0,0.0,0.0,0.0,0.0,0.0,0.0,0.0,0.0,0.0,0.0,0.0,0.0,0.0,0.0,0.0,0.0,0.0
2026-06-28,0.0,0.0,0.0,0.0,0.0,0.0,0.0,0.0,0.0,0.0,0.0,0.0,0.0,0.0,0.0,0.0,0.0,0.0,0.0,0.0,0.0,0.0,0.0,0.0,0.0,0.0,0.0,0.0,0.0,0.0,0.0,0.0,0.0,0.0,0.0,0.0,0.0,0.0,0.0,0.0,0.0,0.0,0.0,0.0,0.0,0.0,0.0,0.0,0.0,0.0,0.0,0.0,0.0,0.0,0.0
2026-06-29,0.0,0.0,0.0,0.0,0.0,0.0,0.0,0.0,0.0,0.0,0.0,0.0,0.0,0.0,0.0,0.0,0.0,0.0,0.0,0.0,0.0,0.0,0.0,0.0,0.0,0.0,0.0,0.0,0.0,0.0,0.0,0.0,0.0,0.0,0.0,0.0,0.0,0.0,0.0,0.0,0.0,0.0,0.0,0.0,0.0,0.0,0.0,0.0,0.0,0.0,0.0,0.0,0.0,0.0,0.0
2026-06-30,37.944144137994385,-15.251491455678712,-259.6768116497687,-361.49262847200816,-266.60630419736555,-101.7171443910331,-98.83979166588507,64.37236623102986,0.0,-108.69655733873498,-11.420106359824421,-302.1439319673329,0.0,-105.06951285769918,-161.16884121704726,-32.60091803013493,-96.58051889940054,-64.81861143072531,-83.90319001979312,-94.49287415477922,104.22318746589374,57.04995944471535,-17.628206895509503,-41.848577803573804,-121.75396313760989,-94.69103708068268,-136.0292205982554,-106.01645278670787,-117.29743727701894,-57.7690110683276,-95.92949930682877,-117.40413784582393,-37.55634595679969,-42.53580324823136,465.92410800726594,10.090429393077313,-11.24519024570231,-593.6143453284972,188.9694681095403,404.4287256046505,9.305502546567237,-246.93545546012524,413.18889806819794,0.0,0.0,-7.171831541689928,-6.507003024050181,-91.05214186563873,17.606894920999476,33.3250612787584,-38.79764263315627,-220.3625674424293,-214.32228481369017,1806.42874520869,-4580.94738946756
2026-07-01,0.0,0.0,0.0,0.0,0.0,0.0,0.0,0.0,0.0,0.0,0.0,0.0,0.0,0.0,0.0,0.0,0.0,0.0,0.0,0.0,0.0,0.0,0.0,0.0,0.0,0.0,0.0,0.0,0.0,0.0,0.0,0.0,0.0,0.0,0.0,0.0,0.0,0.0,0.0,0.0,0.0,0.0,0.0,0.0,0.0,0.0,0.0,0.0,0.0,0.0,0.0,0.0,0.0,0.0,0.0
2026-07-02,0.0,11.173799314622535,4.7012194012288235,-38.852271963816605,294.8127273681505,85.59747476163216,406.84385744129514,272.36157312927094,0.0,-96.31345902076806,12.623992445986543,-20.0921846513428,0.0,-179.50132128718514,29.099344607938548,-111.11656541472271,72.14684230121097,-16.88110727360088,26.41833883368678,-3.70458417752065,114.14415139831446,190.8072673282359,15.342099317125045,97.52323698439787,32.91770058349197,5.856278698184993,5.400747884571232,19.355907075452038,8.718103141371655,-42.15808867942049,4.184785684303759,27.576688579031266,37.55634595679969,42.53580324823136,-1.9521902215136215,-14.614192022316972,11.24519024570231,-0.72249082615925,0.0,5.166806813752163,-19.037579181684762,26.82084951715311,-413.18889806819794,-7.4414337491763,0.0,15.396181271153386,2.7948157541791736,5.854203247599769,-18.374397371195855,-36.56335454867559,33.530916263478225,-3.9594911779547113,6.0933539038592714,1924.6006025014115,-1024.4736096352524
2026-07-03,0.0,0.0,0.0,0.0,0.0,0.0,0.0,0.0,0.0,0.0,0.0,0.0,0.0,0.0,0.0,0.0,0.0,0.0,0.0,0.0,0.0,0.0,0.0,0.0,0.0,0.0,0.0,0.0,0.0,0.0,0.0,0.0,0.0,0.0,0.0,0.0,0.0,0.0,0.0,0.0,0.0,0.0,0.0,0.0,0.0,0.0,0.0,0.0,0.0,0.0,0.0,0.0,0.0,0.0,0.0
2026-07-04,0.0,0.0,0.0,0.0,0.0,0.0,0.0,0.0,0.0,0.0,0.0,0.0,0.0,0.0,0.0,0.0,0.0,0.0,0.0,0.0,0.0,0.0,0.0,0.0,0.0,0.0,0.0,0.0,0.0,0.0,0.0,0.0,0.0,0.0,0.0,0.0,0.0,0.0,0.0,0.0,0.0,0.0,0.0,0.0,0.0,0.0,0.0,0.0,0.0,0.0,0.0,0.0,0.0,0.0,0.0
2026-07-05,0.0,0.0,0.0,0.0,0.0,0.0,0.0,0.0,0.0,0.0,0.0,0.0,0.0,0.0,0.0,0.0,0.0,0.0,0.0,0.0,0.0,0.0,0.0,0.0,0.0,0.0,0.0,0.0,0.0,0.0,0.0,0.0,0.0,0.0,0.0,0.0,0.0,0.0,0.0,0.0,0.0,0.0,0.0,0.0,0.0,0.0,0.0,0.0,0.0,0.0,0.0,0.0,0.0,0.0,0.0
2026-07-06,-579.4662519166442,-9.485907252178063,-5.3641807784610425,50.50288851931342,-274.5640474887428,-69.14683706958161,-68.04493858978222,0.0,-632.8422523518676,79.97821299534256,-5.997544180191064,42.765021642209206,0.0,-11.889420222306041,125.55476872967236,147.17575999448587,-78.11285397970892,21.11017806397722,-27.386156198312996,4.7523106934767565,-120.22637142550195,-207.02216392813915,-12.161598869265815,-72.68814654878213,41.52617825363674,51.596587135168335,54.85016857103503,31.149643657843335,47.64794365395204,60.06537159118884,71.38402983052383,28.54203223357894,-49.13689510522279,-64.34405973628482,-533.0072087759625,-29.721581898048623,-44.0049532216411,-17.83002632891992,-576.6749167883994,236.01017685949068,6.149976243055426,-180.67525223690282,413.18889806819794,7.4414337491763,0.0,-4.045991800011252,-3.5640789910721944,154.9405580257717,20.444052589802887,64.98243268884276,-30.24670529046969,21.020995045930498,-0.177908751431969,1782.7796188356722,-3707.828249723832
2026-07-07,0.0,0.0,0.0,0.0,0.0,0.0,0.0,0.0,0.0,0.0,0.0,0.0,0.0,0.0,0.0,0.0,0.0,0.0,0.0,0.0,0.0,0.0,0.0,0.0,0.0,0.0,0.0,0.0,0.0,0.0,0.0,0.0,0.0,0.0,0.0,0.0,0.0,0.0,0.0,0.0,0.0,0.0,0.0,0.0,0.0,0.0,0.0,0.0,0.0,0.0,0.0,0.0,0.0,0.0,0.0
2026-07-08,-73.70183999382041,14.69799400735111,22.951034189729487,-48.30083304322267,34.80863457158336,83.77765066538088,-197.88451840593237,-531.0765989753475,108.15542119145603,-34.65698739323172,9.431782520245877,-27.18943324357126,0.0,21.661885778684518,-131.0287935079841,-154.86515405824943,89.47448869264493,-18.664577208905307,30.11124563502788,53.55507538805029,-181.24474283338293,-138.42539425976696,17.214224426079426,85.42610054560122,-47.70250831838123,-54.52827483045742,-53.53446152556857,-37.289403365830935,-47.25874051612351,-61.99026036015835,-79.2835080335421,-37.65659811304591,-5.977612355977181,12.46491071943137,30.465771014057335,-6.286719869970388,-6.313863628192645,-22.463374171309408,141.90283888222643,-621.7413730855955,23.39993130676821,-147.7898174421238,-413.18889806819794,-4.411716455487244,0.0,-8.823597825717064,10.658540689267044,7.103025746062864,-16.85866989531368,-369.7292058402789,30.246241301149013,-21.152931567585096,9.417937218863052,836.9247344896601,-3601.0204081922716
2026-07-09,0.0,0.0,0.0,0.0,0.0,0.0,0.0,0.0,0.0,0.0,0.0,0.0,0.0,0.0,0.0,0.0,0.0,0.0,0.0,0.0,0.0,0.0,0.0,0.0,0.0,0.0,0.0,0.0,0.0,0.0,0.0,0.0,0.0,0.0,0.0,0.0,0.0,0.0,0.0,0.0,0.0,0.0,0.0,0.0,0.0,0.0,0.0,0.0,0.0,0.0,0.0,0.0,0.0,0.0,0.0
2026-07-10,0.0,0.0,0.0,0.0,0.0,0.0,0.0,0.0,0.0,0.0,0.0,0.0,0.0,0.0,0.0,0.0,0.0,0.0,0.0,0.0,0.0,0.0,0.0,0.0,0.0,0.0,0.0,0.0,0.0,0.0,0.0,0.0,0.0,0.0,0.0,0.0,0.0,0.0,0.0,0.0,0.0,0.0,0.0,0.0,0.0,0.0,0.0,0.0,0.0,0.0,0.0,0.0,0.0,0.0,0.0
2026-07-11,0.0,0.0,0.0,0.0,0.0,0.0,0.0,0.0,0.0,0.0,0.0,0.0,0.0,0.0,0.0,0.0,0.0,0.0,0.0,0.0,0.0,0.0,0.0,0.0,0.0,0.0,0.0,0.0,0.0,0.0,0.0,0.0,0.0,0.0,0.0,0.0,0.0,0.0,0.0,0.0,0.0,0.0,0.0,0.0,0.0,0.0,0.0,0.0,0.0,0.0,0.0,0.0,0.0,0.0,0.0
2026-07-12,24.04719010617654,-5.498413124902407,-21.90794673411234,43.75186268910498,-30.45051669653604,-77.19017687914463,16.25863855648518,289.6381365410251,-108.28068957039179,32.39998678544385,-10.83409335971903,-26.96059158457903,-365.738102789477,-17.411185102105605,-55.510581265296786,-6.785230541468016,-48.114358361456546,55.41400623887218,27.515274996155117,-13.793003882264951,203.51256429063355,140.0708588800277,-18.97237651613023,-87.50843001159967,46.126729299718924,60.76181478103668,156.69595866168916,67.8344054682118,54.3671973641384,69.16502310213916,82.40861916041234,50.37095941814099,-16.307851660051586,-17.247340732673287,-33.495031848012935,-27.1800916739338,-3.80270667781122,441.92609924020866,322.3213161899476,-52.41228140325262,-31.6845616955508,-130.47201432541036,413.18889806819794,4.411716455487244,-14.516090071602928,6.323637044767034,-10.589565537741729,180.37095808770147,17.163064570495465,313.15464913773945,-32.93699831158831,17.490772090242245,-17.096192705536495,3136.690337224199,-1282.69642306235
2026-07-13,0.0,0.0,0.0,0.0,0.0,0.0,0.0,0.0,0.0,0.0,0.0,0.0,0.0,0.0,0.0,0.0,0.0,0.0,0.0,0.0,0.0,0.0,0.0,0.0,0.0,0.0,0.0,0.0,0.0,0.0,0.0,0.0,0.0,0.0,0.0,0.0,0.0,0.0,0.0,0.0,0.0,0.0,0.0,0.0,0.0,0.0,0.0,0.0,0.0,0.0,0.0,0.0,0.0,0.0,0.0
2026-07-14,72.88317484275147,3.9796110611108597,10.03903480521706,-50.677478621052344,29.23345286805282,64.12276758651203,-26.238299658947856,-113.85641763117933,103.27205972711614,-44.72329798075778,5.698402250483341,21.428825027718094,10.743347698007652,19.97223911216692,222.8654059449732,188.37266357432603,199.07235788425362,27.266731867461118,28.97568829836516,51.7550366615789,-107.93096102510242,-53.369447993115934,16.486150280333415,224.1264183884355,-14.584469948223429,-29.009160808490503,-105.90366711370429,-31.728606796506853,-23.930614582085777,-33.46918375337373,-50.93572702279835,-5.328380785025321,2.780150658890678,-8.049931416162508,52.38711226391024,16.559674541160945,-8.425006791018575,179.57455461042653,-206.65114979256086,-94.8214967520053,-15.207344614139526,241.16629199845448,-413.18889806819794,-7.627241394735814,-2.3399161380968,-16.19932914219203,4.168794259116228,-368.48944392983094,-19.087154083529327,133.91582092591398,27.66564522325725,-26.135157784669545,16.979223377402406,1975.4906357373964,-1877.907783627503
2026-07-15,0.0,0.0,0.0,0.0,0.0,0.0,0.0,0.0,0.0,0.0,0.0,0.0,0.0,0.0,0.0,0.0,0.0,0.0,0.0,0.0,0.0,0.0,0.0,0.0,0.0,0.0,0.0,0.0,0.0,0.0,0.0,0.0,0.0,0.0,0.0,0.0,0.0,0.0,0.0,0.0,0.0,0.0,0.0,0.0,0.0,0.0,0.0,0.0,0.0,0.0,0.0,0.0,0.0,0.0,0.0
2026-07-16,0.0,0.0,0.0,0.0,0.0,0.0,0.0,0.0,0.0,0.0,0.0,0.0,0.0,0.0,0.0,0.0,0.0,0.0,0.0,0.0,0.0,0.0,0.0,0.0,0.0,0.0,0.0,0.0,0.0,0.0,0.0,0.0,0.0,0.0,0.0,0.0,0.0,0.0,0.0,0.0,0.0,0.0,0.0,0.0,0.0,0.0,0.0,0.0,0.0,0.0,0.0,0.0,0.0,0.0,0.0
2026-07-17,0.0,0.0,0.0,0.0,0.0,0.0,0.0,0.0,0.0,0.0,0.0,0.0,0.0,0.0,0.0,0.0,0.0,0.0,0.0,0.0,0.0,0.0,0.0,0.0,0.0,0.0,0.0,0.0,0.0,0.0,0.0,0.0,0.0,0.0,0.0,0.0,0.0,0.0,0.0,0.0,0.0,0.0,0.0,0.0,0.0,0.0,0.0,0.0,0.0,0.0,0.0,0.0,0.0,0.0,0.0
2026-07-18,57.28910743239144,-1.502535087847733,-8.668250377851189,49.31319952121191,265.59544445410285,-49.93302948924014,-125.473839424312,285.1171040611031,-104.72413092533662,56.45894179328776,-9.97796195426979,143.28041280704738,12.173701951024762,-22.557565617855232,54.18415558148886,59.72195189404499,26.725969463182672,260.47659267333563,156.38836068575364,126.50093787960688,214.85061184262216,227.9175658909171,-17.386225637589117,-228.22294123785733,59.50617107171596,83.79296075079124,78.04829976225886,74.14728012943644,70.88578522566367,77.6345528471542,96.24544081100336,56.100239880564,15.011591276974636,27.03661443836114,-16.583763545207912,-7.756049588747774,19.07455063760595,113.41884809259628,68.13929127073288,331.7419972468935,12.223975571787916,230.91934572031408,413.18889806819794,-1.892677302806609,-27.854622457205,21.50957017661608,-4.357113228807663,368.48944392983094,20.392966387536056,76.59809294330294,-24.722728959497182,29.106366797463853,-11.62868152722728,4339.206340967923,-663.2421163616588
2026-07-19,0.0,0.0,0.0,0.0,0.0,0.0,0.0,0.0,0.0,0.0,0.0,0.0,0.0,0.0,0.0,0.0,0.0,0.0,0.0,0.0,0.0,0.0,0.0,0.0,0.0,0.0,0.0,0.0,0.0,0.0,0.0,0.0,0.0,0.0,0.0,0.0,0.0,0.0,0.0,0.0,0.0,0.0,0.0,0.0,0.0,0.0,0.0,0.0,0.0,0.0,0.0,0.0,0.0,0.0,0.0
2026-07-20,-41.711333933775954,1.7742734677706613,21.868492914426724,-37.49567759559851,213.36121033233883,55.008832393245655,-34.45964290936512,70.1777760043986,74.8617066296495,-52.01339460458374,14.140356154453185,-138.829622033415,-1.860599886407028,24.561969182423315,80.7958021268294,4.454695923076652,111.65314245310869,-90.38779161436396,92.58479583783483,117.75200254094834,-7.473987923719513,-8.737925361307047,19.96597208187863,252.0125559059796,35.99567732415037,35.053717733807744,8.049030665430998,27.411970900336865,45.114744774968536,18.7816502690317,3.5014522968495148,28.827453227270016,24.032957544765566,50.13980672732811,28.925056118916604,48.64049359289468,32.940612988246734,47.43626454465627,-79.37878068551422,51.457242464264276,14.269950246065855,78.58719606957911,-413.18889806819794,-21.84509465270795,-71.67745838988508,-16.048355304676107,5.4005880147008,-360.8015765623549,-17.730259436458496,134.95659899597825,26.76458696331666,-22.620970358026565,19.72686761662271,1920.987503027544,-1416.261369320357
2026-07-21,0.0,0.0,0.0,0.0,0.0,0.0,0.0,0.0,0.0,0.0,0.0,0.0,0.0,0.0,0.0,0.0,0.0,0.0,0.0,0.0,0.0,0.0,0.0,0.0,0.0,0.0,0.0,0.0,0.0,0.0,0.0,0.0,0.0,0.0,0.0,0.0,0.0,0.0,0.0,0.0,0.0,0.0,0.0,0.0,0.0,0.0,0.0,0.0,0.0,0.0,0.0,0.0,0.0,0.0,0.0
2026-07-22,0.0,0.0,0.0,0.0,0.0,0.0,0.0,0.0,0.0,0.0,0.0,0.0,0.0,0.0,0.0,0.0,0.0,0.0,0.0,0.0,0.0,0.0,0.0,0.0,0.0,0.0,0.0,0.0,0.0,0.0,0.0,0.0,0.0,0.0,0.0,0.0,0.0,0.0,0.0,0.0,0.0,0.0,0.0,0.0,0.0,0.0,0.0,0.0,0.0,0.0,0.0,0.0,0.0,0.0,0.0
2026-07-23,0.0,0.0,0.0,0.0,0.0,0.0,0.0,0.0,0.0,0.0,0.0,0.0,0.0,0.0,0.0,0.0,0.0,0.0,0.0,0.0,0.0,0.0,0.0,0.0,0.0,0.0,0.0,0.0,0.0,0.0,0.0,0.0,0.0,0.0,0.0,0.0,0.0,0.0,0.0,0.0,0.0,0.0,0.0,0.0,0.0,0.0,0.0,0.0,0.0,0.0,0.0,0.0,0.0,0.0,0.0
2026-07-24,55.80089621400874,-35.26080484546058,-17.190327748369775,47.57731316815689,0.0,-60.30013304852031,37.65752442414191,-28.99268089347123,-73.48441590020701,48.508716465617184,36.945679846033336,48.0561633150102,36.233648385005075,-2.745481716792914,0.0,-0.9297505781383371,0.0,90.38779161436396,-74.86860291595309,-78.21290001090814,73.04312939346063,7.104008117168851,12.986645376327797,-252.36656833661593,-31.327440638928383,-23.954134978891556,7.160684777011571,6.9258131645456595,-26.50741327040363,1.424711847483937,9.284913965449611,-18.956732249534863,24.243912829208146,-14.365190725446825,39.779268885936474,11.489540133395465,10.531366692810858,-50.72633722716826,231.13394261780044,458.13549664092204,3.2255434474652867,128.37885615906143,413.18889806819794,-4.7257268399375025,31.38377660743201,15.041302097300184,-5.178198482196604,-39.79145615607925,19.145945179372283,0.0,-24.21873185470153,26.451582271980822,-14.343309314021376,1931.2270717046688,-878.4463377317471
2026-07-25,0.0,0.0,0.0,0.0,0.0,0.0,0.0,0.0,0.0,0.0,0.0,0.0,0.0,0.0,0.0,0.0,0.0,0.0,0.0,0.0,0.0,0.0,0.0,0.0,0.0,0.0,0.0,0.0,0.0,0.0,0.0,0.0,0.0,0.0,0.0,0.0,0.0,0.0,0.0,0.0,0.0,0.0,0.0,0.0,0.0,0.0,0.0,0.0,0.0,0.0,0.0,0.0,0.0,0.0,0.0
2026-07-26,-37.52602516317886,11.000868338179774,2.461397624202189,-57.37617940295616,0.0,51.271823128666846,-45.84089013498515,28.99268089347123,89.81465862181678,85.53808935023693,-17.81993900624005,-17.688048385398055,-30.633742674771,30.024583221349808,-7.080857435313577,-0.8986356091653579,0.0,-85.67897127083963,74.86860291595309,78.21290001090814,-66.25563714661473,5.44865736810636,351.69821131969843,214.06918190942542,39.77743636044639,23.954134978891556,-6.530942700723128,-12.153277496339287,-2.9100991248779464,-1.5998914850758448,-7.325460326077446,18.183001954159234,-1.9311658467359085,14.365190725446825,-31.305336715386947,1.8424094328194334,0.0,-60.82128552963655,39.76984797735617,-41.267696598939715,-11.412668022574275,-339.2099542321883,-413.18889806819794,36.09074019018788,-28.610719981986172,-29.93946441231144,3.966667458379088,130.58717138073501,-21.96391501400035,0.0,18.07302694966481,-27.05406501189596,3.9099333476776956,1353.9212154577792,-1404.0237667964097
2026-07-27,0.0,0.0,0.0,0.0,0.0,0.0,0.0,0.0,0.0,0.0,0.0,0.0,0.0,0.0,0.0,0.0,0.0,0.0,0.0,0.0,0.0,0.0,0.0,0.0,0.0,0.0,0.0,0.0,0.0,0.0,0.0,0.0,0.0,0.0,0.0,0.0,0.0,0.0,0.0,0.0,0.0,0.0,0.0,0.0,0.0,0.0,0.0,0.0,0.0,0.0,0.0,0.0,0.0,0.0,0.0
2026-07-28,0.0,0.0,0.0,0.0,0.0,0.0,0.0,0.0,0.0,0.0,0.0,0.0,0.0,0.0,0.0,0.0,0.0,0.0,0.0,0.0,0.0,0.0,0.0,0.0,0.0,0.0,0.0,0.0,0.0,0.0,0.0,0.0,0.0,0.0,0.0,0.0,0.0,0.0,0.0,0.0,0.0,0.0,0.0,0.0,0.0,0.0,0.0,0.0,0.0,0.0,0.0,0.0,0.0,0.0,0.0
2026-07-29,0.0,0.0,0.0,0.0,0.0,0.0,0.0,0.0,0.0,0.0,0.0,0.0,0.0,0.0,0.0,0.0,0.0,0.0,0.0,0.0,0.0,0.0,0.0,0.0,0.0,0.0,0.0,0.0,0.0,0.0,0.0,0.0,0.0,0.0,0.0,0.0,0.0,0.0,0.0,0.0,0.0,0.0,0.0,0.0,0.0,0.0,0.0,0.0,0.0,0.0,0.0,0.0,0.0,0.0,0.0
2026-07-30,-22.593979451100342,-131.2408525989052,-4.202174092548318,39.77556031036377,0.0,-57.3783703052128,32.27902179289982,-58.02213723864488,-98.76463964250591,559.844733726376,12.673567322788003,23.694602435628536,20.44318496765825,5.446477635957592,-35.081031065368734,-1.5826060726576834,-15.584727262549569,85.67897127083963,-82.32274348812241,-80.28430905719573,52.26989613506664,-1.4864805993897607,0.0,-225.65212487032707,-44.443181035530465,-23.736581171141037,-1.9171179166848888,12.153277496339287,-5.862343003873801,-3.1218946063997284,6.919598123459932,-18.61096089744143,-11.000558849568755,-20.281000672949276,37.76638743257441,7.026517352747033,-1.310616655728896,-506.68109671307263,59.43761032841087,-142.766312508584,-12.855462622482795,141.6573518654151,0.0,-50.13288184222745,44.26058190025676,12.860781267177197,-5.162439620042569,270.0058613376992,18.154518923151816,-20.81243272773293,-32.80139590425219,23.22077066149481,-16.248153110160725,1465.5692722863043,-1731.9406056024015
2026-07-31,0.0,0.0,0.0,0.0,0.0,0.0,0.0,0.0,0.0,0.0,0.0,0.0,0.0,0.0,0.0,0.0,0.0,0.0,0.0,0.0,0.0,0.0,0.0,0.0,0.0,0.0,0.0,0.0,0.0,0.0,0.0,0.0,0.0,0.0,0.0,0.0,0.0,0.0,0.0,0.0,0.0,0.0,0.0,0.0,0.0,0.0,0.0,0.0,0.0,0.0,0.0,0.0,0.0,0.0,0.0
2026-08-01,22.927929235397023,153.81325055486465,16.499313977122657,-38.421534254403554,0.0,59.5619015105007,-32.87040836285963,58.02213723864488,83.29893932839506,0.0,-6.099407818070497,-30.005005518375604,-54.76055486163229,-11.101161142377416,7.783811992097297,-2.9486127077583806,15.584727262549569,-86.42442523615755,71.4057735205727,80.28430905719573,-58.389525084076915,2.4031940123099487,0.0,159.61449782584455,44.69598580498199,23.736581171141037,0.8459376938316855,-13.829690615250932,8.731393693141115,4.022395434663981,-3.6215963309897345,18.182503259968684,18.2854715077172,20.281000672949276,-13.27111235782341,-10.777157907952802,1.310616655728896,-116.06303770719062,0.0,-413.4627289578009,16.237047295053838,145.53556704513613,0.0,-29.886411960290424,-75.4476076305944,-9.459757391489228,5.575564467390271,0.0,-18.03840498530114,-20.457501577002464,30.912020864326855,-18.87391356274451,21.804437319759977,1091.3563084012856,-1064.2095559701422
2026-08-02,0.0,0.0,0.0,0.0,0.0,0.0,0.0,0.0,0.0,0.0,0.0,0.0,0.0,0.0,0.0,0.0,0.0,0.0,0.0,0.0,0.0,0.0,0.0,0.0,0.0,0.0,0.0,0.0,0.0,0.0,0.0,0.0,0.0,0.0,0.0,0.0,0.0,0.0,0.0,0.0,0.0,0.0,0.0,0.0,0.0,0.0,0.0,0.0,0.0,0.0,0.0,0.0,0.0,0.0,0.0
2026-08-03,0.0,0.0,0.0,0.0,0.0,0.0,0.0,0.0,0.0,0.0,0.0,0.0,0.0,0.0,0.0,0.0,0.0,0.0,0.0,0.0,0.0,0.0,0.0,0.0,0.0,0.0,0.0,0.0,0.0,0.0,0.0,0.0,0.0,0.0,0.0,0.0,0.0,0.0,0.0,0.0,0.0,0.0,0.0,0.0,0.0,0.0,0.0,0.0,0.0,0.0,0.0,0.0,0.0,0.0,0.0
2026-08-04,0.0,0.0,0.0,0.0,0.0,0.0,0.0,0.0,0.0,0.0,0.0,0.0,0.0,0.0,0.0,0.0,0.0,0.0,0.0,0.0,0.0,0.0,0.0,0.0,0.0,0.0,0.0,0.0,0.0,0.0,0.0,0.0,0.0,0.0,0.0,0.0,0.0,0.0,0.0,0.0,0.0,0.0,0.0,0.0,0.0,0.0,0.0,0.0,0.0,0.0,0.0,0.0,0.0,0.0,0.0
2026-08-05,38.78093385512103,-84.0843852016799,-2.8684409147836267,50.0542753240203,0.0,-64.36182345165348,43.673726495962185,-69.14759679634672,493.3756396146809,0.0,38.81117702010006,50.07477116233262,89.21157041583234,9.917229486094497,17.49547993897373,4.962242784488364,-12.117524714012282,21.469779218979063,-71.2730234208047,-77.9225019827037,56.32218231254735,4.103913044168265,0.0,-166.54108349676804,-41.16722095045119,-20.58876081330568,2.305563887342054,13.829690615250932,-14.22106094052727,1.79268112059313,2.687249230396468,-17.051905404109828,-20.004852280071603,-22.97439696749316,31.123983323738095,-22.654990437181596,0.0,684.3494989494934,-356.240463119749,108.87732899239089,-5.139590963682858,52.01703532163706,0.0,-19.108031444586974,13.072004503424774,21.987787143674215,-3.671477279925719,-293.5464472255536,22.55075165617878,-1.0200228379965992,-22.237878670483596,25.18550365912856,-2.84295509769558,1898.0319990765488,-1410.7864344115665
2026-08-06,0.0,0.0,0.0,0.0,0.0,0.0,0.0,0.0,0.0,0.0,0.0,0.0,0.0,0.0,0.0,0.0,0.0,0.0,0.0,0.0,0.0,0.0,0.0,0.0,0.0,0.0,0.0,0.0,0.0,0.0,0.0,0.0,0.0,0.0,0.0,0.0,0.0,0.0,0.0,0.0,0.0,0.0,0.0,0.0,0.0,0.0,0.0,0.0,0.0,0.0,0.0,0.0,0.0,0.0,0.0
2026-08-07,-5.805772857455886,77.64773737012781,-5.004593595981249,-52.85872676317196,0.0,44.420560491153154,-40.5930983021934,69.14759679634672,65.31770327719452,0.0,-16.429195021377936,64.07659729453391,6.141618200603989,-2.488271099019912,-22.801941122682997,3.1378454558294617,12.117524714012282,-13.854550829423125,82.18999338835444,77.9225019827037,-61.565246044471515,2.417842045903264,0.0,142.06984211384344,40.697322581158105,-7.562056050064682,1.3064501491207339,-11.440958317467333,17.407412992452503,1.0076730152339441,-6.847410976072337,16.68240640253952,20.004852280071603,22.97439696749316,-9.473172680795425,24.60913172991185,0.0,51.55128467241628,28.27074949951039,17.875669624038565,8.589988136202447,-217.4972000833864,0.0,-20.747165722278865,23.028809836454908,-22.21664384533523,7.116622755300341,-72.69472049556423,-24.06125704386724,-82.15999405943614,17.161414857107097,-26.64765089252335,-6.1465253323857905,944.8915486296181,-728.896151134955
2026-08-08,0.0,0.0,0.0,0.0,0.0,0.0,0.0,0.0,0.0,0.0,0.0,0.0,0.0,0.0,0.0,0.0,0.0,0.0,0.0,0.0,0.0,0.0,0.0,0.0,0.0,0.0,0.0,0.0,0.0,0.0,0.0,0.0,0.0,0.0,0.0,0.0,0.0,0.0,0.0,0.0,0.0,0.0,0.0,0.0,0.0,0.0,0.0,0.0,0.0,0.0,0.0,0.0,0.0,0.0,0.0
2026-08-09,0.0,0.0,0.0,0.0,0.0,0.0,0.0,0.0,0.0,0.0,0.0,0.0,0.0,0.0,0.0,0.0,0.0,0.0,0.0,0.0,0.0,0.0,0.0,0.0,0.0,0.0,0.0,0.0,0.0,0.0,0.0,0.0,0.0,0.0,0.0,0.0,0.0,0.0,0.0,0.0,0.0,0.0,0.0,0.0,0.0,0.0,0.0,0.0,0.0,0.0,0.0,0.0,0.0,0.0,0.0
2026-08-10,0.0,0.0,0.0,0.0,0.0,0.0,0.0,0.0,0.0,0.0,0.0,0.0,0.0,0.0,0.0,0.0,0.0,0.0,0.0,0.0,0.0,0.0,0.0,0.0,0.0,0.0,0.0,0.0,0.0,0.0,0.0,0.0,0.0,0.0,0.0,0.0,0.0,0.0,0.0,0.0,0.0,0.0,0.0,0.0,0.0,0.0,0.0,0.0,0.0,0.0,0.0,0.0,0.0,0.0,0.0
2026-08-11,31.55131264192588,-109.93125723835128,3.9574038211292355,40.57825947850198,0.0,-96.18117888153962,34.935106645228636,-66.69184047415608,0.0,0.0,28.21645674005008,-78.30175901046351,-3.3833430033414627,0.5402976352584665,-26.833741778125695,-8.05883508840407,0.0,17.633785311297746,-83.81669469138043,-78.36498716197076,42.25165681183868,-1.1698845823697048,0.0,-140.07081122977462,-42.36741722806802,7.042119570515963,0.44242225481983044,11.440958317467333,-14.05901516195637,-4.898758566835022,8.809289148408745,-15.690676276924322,-20.64634973083198,-21.20963377712948,12.105614522576914,-22.762619319300356,0.0,-58.188840604220054,183.368911008175,363.9601589367404,-9.62415473377693,124.70840432444727,0.0,10.62101273580322,0.28999661046495023,13.007991103793378,-7.910319788370951,-3.1100568081993845,23.230849204250728,19.671818087874446,-30.400491591275323,22.676074374515796,-0.1952726520608412,1001.0398992850849,-943.8679393788265
2026-08-12,0.0,0.0,0.0,0.0,0.0,0.0,0.0,0.0,0.0,0.0,0.0,0.0,0.0,0.0,0.0,0.0,0.0,0.0,0.0,0.0,0.0,0.0,0.0,0.0,0.0,0.0,0.0,0.0,0.0,0.0,0.0,0.0,0.0,0.0,0.0,0.0,0.0,0.0,0.0,0.0,0.0,0.0,0.0,0.0,0.0,0.0,0.0,0.0,0.0,0.0,0.0,0.0,0.0,0.0,0.0
2026-08-13,-189.65801464071941,55.72818562658597,4.003890200862312,-29.74621709782735,0.0,85.73819749398238,-30.337673940955312,66.69184047415608,0.0,0.0,0.2683407574537268,-31.38120731815885,15.338919583300827,4.884423138006125,16.137500904585295,3.182471048622567,0.0,-19.32425800317916,83.81669469138043,78.36498716197076,-150.7908616955297,-151.5681838475482,0.0,133.059324136953,40.90202399603653,5.509756764523598,-2.946186290234007,-10.064048760069214,15.73043124706624,6.692078363791661,-11.3818299976282,8.637473674614302,16.499003231676355,21.20963377712948,33.06335862342909,23.36491004699102,0.0,-25.454649481976173,-33.622416925532626,-15.681016021209885,5.632537948516896,-268.45416500915314,0.0,13.999426583103574,56.85656763635113,-11.747928443063167,6.353556572607631,-2.998204630241671,-23.076775946918627,-35.62116156915121,38.82554622502229,-9.68650038049114,6.014227028540452,846.5053069372597,-1053.541299999587
