,stock_mbbl,kpler_mbbl,d_stock,implied_offtake,residual,residual_ma,kpler_ma,implied_ma,terminal_id
2026-06-17,29.383657009327052,0.0,,,,,0.0,,ras_tanura
2026-06-18,27.817396798801802,0.0,-1.5662602105252503,1.5662602105252503,1.5662602105252503,1.5662602105252503,0.0,1.5662602105252503,ras_tanura
2026-06-19,28.74606282871811,0.0,0.9286660299163074,-0.9286660299163074,-0.9286660299163074,0.31879709030447145,0.0,0.31879709030447145,ras_tanura
2026-06-20,28.74606282871811,0.0,0.0,-0.0,-0.0,0.2125313935363143,0.0,0.2125313935363143,ras_tanura
2026-06-21,28.74606282871811,0.0,0.0,-0.0,-0.0,0.15939854515223573,0.0,0.15939854515223573,ras_tanura
2026-06-22,28.74606282871811,0.0,0.0,-0.0,-0.0,0.12751883612178858,0.0,0.12751883612178858,ras_tanura
2026-06-23,29.024389294328124,0.0,0.2783264656100144,-0.2783264656100144,-0.2783264656100144,0.05987795249982142,0.0,0.05987795249982142,ras_tanura
2026-06-24,29.024389294328124,0.0,0.0,-0.0,-0.0,0.051323959285561216,0.0,0.051323959285561216,ras_tanura
2026-06-25,29.024389294328124,0.0,0.0,-0.0,-0.0,-0.17242749936090312,0.0,-0.17242749936090312,ras_tanura
2026-06-26,30.214405133319964,3.0819099999999997,1.1900158389918403,-1.1900158389918403,-4.27192583899184,-0.6500360435145506,0.4402728571428571,-0.20976318637169353,ras_tanura
2026-06-27,30.214405133319964,3.99999,0.0,-0.0,-3.99999,-1.2214631863716934,1.0116999999999998,-0.20976318637169353,ras_tanura
2026-06-28,30.214405133319964,2.11258,0.0,-0.0,-2.11258,-1.5232603292288363,1.3134971428571427,-0.20976318637169353,ras_tanura
2026-06-29,30.214405133319964,0.0,0.0,-0.0,-0.0,-1.5232603292288363,1.3134971428571427,-0.20976318637169353,ras_tanura
2026-06-30,27.032971068598187,2.1317399999999997,-3.1814340647217776,3.1814340647217776,1.0496940647217778,-1.3335431106100089,1.6180314285714286,0.2844883179614196,ras_tanura
2026-07-01,27.032971068598187,1.0494700000000001,0.0,-0.0,-1.0494700000000001,-1.4834673963242946,1.767955714285714,0.2844883179614196,ras_tanura
2026-07-02,27.454638581523717,3.98984,0.42166751292553073,-0.42166751292553073,-4.411507512925531,-2.1136827553136563,2.337932857142857,0.22425010182920094,ras_tanura
2026-07-03,27.454638581523717,2.0,0.0,-0.0,-2.0,-1.7891219211719647,2.1833742857142857,0.394252364542321,ras_tanura
2026-07-04,27.454638581523717,0.0,0.0,-0.0,-0.0,-1.217694778314822,1.611947142857143,0.394252364542321,ras_tanura
2026-07-05,27.454638581523717,0.0,0.0,-0.0,-0.0,-0.915897635457679,1.3101500000000001,0.394252364542321,ras_tanura
2026-07-06,28.36276614502991,2.07301,0.9081275635061914,-0.9081275635061914,-2.9811375635061914,-1.341774430244278,1.606294285714286,0.26451985547000795,ras_tanura
2026-07-07,28.36276614502991,0.0,0.0,-0.0,-0.0,-1.4917307252045318,1.30176,-0.18997072520453173,ras_tanura
2026-07-08,28.532961757654135,3.43934,0.17019561262422656,-0.17019561262422656,-3.6095356126242266,-1.85745438415085,1.64317,-0.2142843841508498,ras_tanura
2026-07-09,28.532961757654135,1.99615,0.0,-0.0,-1.99615,-1.5124033108757742,1.3583571428571428,-0.15404616801863114,ras_tanura
2026-07-10,28.532961757654135,0.63774,0.0,-0.0,-0.63774,-1.3177947394472027,1.1637485714285716,-0.15404616801863114,ras_tanura
2026-07-11,28.532961757654135,2.12203,0.0,-0.0,-2.12203,-1.6209418823043453,1.4668957142857144,-0.15404616801863114,ras_tanura
2026-07-12,29.201439876144843,0.0,0.6684781184907074,-0.6684781184907074,-0.6684781184907074,-1.7164387563744465,1.4668957142857144,-0.24954304208873218,ras_tanura
2026-07-13,29.201439876144843,4.05574,0.0,-0.0,-4.05574,-1.8699533901592764,1.7501428571428572,-0.11981053301641913,ras_tanura
2026-07-14,29.21621053720057,0.0,0.014770661055727885,-0.014770661055727885,-0.014770661055727885,-1.872063484595809,1.7501428571428572,-0.1219206274529517,ras_tanura
2026-07-15,29.21621053720057,0.0,0.0,-0.0,-0.0,-1.356415539935205,1.2588085714285715,-0.09760696850663361,ras_tanura
2026-07-16,29.21621053720057,0.0,0.0,-0.0,-0.0,-1.0712512542209194,0.9736442857142859,-0.09760696850663361,ras_tanura
2026-07-17,29.21621053720057,0.0,0.0,-0.0,-0.0,-0.9801455399352051,0.8825385714285715,-0.09760696850663361,ras_tanura
2026-07-18,35.75055607542309,2.0,6.534345538222521,-6.534345538222521,-8.53434553822252,-1.8961906168241367,0.8651057142857143,-1.0310849025384223,ras_tanura
2026-07-19,35.75055607542309,0.0,0.0,-0.0,-0.0,-1.8006937427540355,0.8651057142857143,-0.9355880284683212,ras_tanura
2026-07-20,36.56283315309183,0.0,0.8122770776687389,-0.8122770776687389,-0.8122770776687389,-1.3373418967067126,0.2857142857142857,-1.0516276109924267,ras_tanura
2026-07-21,36.56283315309183,0.0,0.0,-0.0,-0.0,-1.33523180227018,0.2857142857142857,-1.0495175165558943,ras_tanura
2026-07-22,36.56283315309183,0.0,0.0,-0.0,-0.0,-1.33523180227018,0.2857142857142857,-1.0495175165558943,ras_tanura
2026-07-23,36.56283315309183,0.77631,0.0,-0.0,-0.77631,-1.4461332308416086,0.3966157142857143,-1.0495175165558943,ras_tanura
2026-07-24,37.27657509107354,0.0,0.7137419379817089,-0.7137419379817089,-0.7137419379817089,-1.5480963648389956,0.3966157142857143,-1.1514806505532813,ras_tanura
2026-07-25,37.27657509107354,0.0,0.0,-0.0,-0.0,-0.32890414509292115,0.11090142857142857,-0.21800271652149256,ras_tanura
2026-07-26,37.963544291833,0.0,0.6869692007594637,-0.6869692007594637,-0.6869692007594637,-0.4270426023442731,0.11090142857142857,-0.3161411737728445,ras_tanura
2026-07-27,37.963544291833,0.0,0.0,-0.0,-0.0,-0.31100301982016754,0.11090142857142857,-0.20010159124873894,ras_tanura
2026-07-28,37.963544291833,0.0,0.0,-0.0,-0.0,-0.31100301982016754,0.11090142857142857,-0.20010159124873894,ras_tanura
2026-07-29,37.963544291833,0.0,0.0,-0.0,-0.0,-0.31100301982016754,0.11090142857142857,-0.20010159124873894,ras_tanura
2026-07-30,37.74620972775662,0.0,-0.2173345640763813,0.2173345640763813,0.2173345640763813,-0.16905379638068446,0.0,-0.16905379638068446,ras_tanura
2026-07-31,37.74620972775662,0.0,0.0,-0.0,-0.0,-0.06709066238329749,0.0,-0.06709066238329749,ras_tanura
2026-08-01,38.13267813257952,0.0,0.38646840482289946,-0.38646840482289946,-0.38646840482289946,-0.12230043450085455,0.0,-0.12230043450085455,ras_tanura
2026-08-02,38.13267813257952,0.0,0.0,-0.0,-0.0,-0.024161977249502593,0.0,-0.024161977249502593,ras_tanura
2026-08-03,38.13267813257952,0.0,0.0,-0.0,-0.0,-0.024161977249502593,0.0,-0.024161977249502593,ras_tanura
2026-08-04,38.13267813257952,0.0,0.0,-0.0,-0.0,-0.024161977249502593,0.0,-0.024161977249502593,ras_tanura
2026-08-05,37.86012447082674,0.0,-0.27255366175278084,0.27255366175278084,0.27255366175278084,0.014774260143751812,0.0,0.014774260143751812,ras_tanura
2026-08-06,37.86012447082674,0.0,0.0,-0.0,-0.0,-0.01627353472430266,0.0,-0.01627353472430266,ras_tanura
2026-08-07,37.909315880269325,0.0,0.049191409442585154,-0.049191409442585154,-0.049191409442585154,-0.023300878930386255,0.0,-0.023300878930386255,ras_tanura
2026-08-08,37.909315880269325,0.0,0.0,-0.0,-0.0,0.031908893187170814,0.0,0.031908893187170814,ras_tanura
2026-08-09,37.909315880269325,0.0,0.0,-0.0,-0.0,0.031908893187170814,0.0,0.031908893187170814,ras_tanura
2026-08-10,37.909315880269325,0.0,0.0,-0.0,-0.0,0.031908893187170814,0.0,0.031908893187170814,ras_tanura
2026-08-11,35.84617089047658,0.0,-2.0631449897927467,2.0631449897927467,2.0631449897927467,0.3266438917289918,0.0,0.3266438917289918,ras_tanura
2026-08-12,35.84617089047658,2.0,0.0,-0.0,-2.0,0.0019933686214516555,0.2857142857142857,0.28770765433573736,ras_tanura
2026-08-13,35.84617089047658,0.0,0.0,-0.0,-0.0,0.0019933686214516555,0.2857142857142857,0.28770765433573736,ras_tanura
2026-06-17,17.149933610047334,0.0,,,,,0.0,,mina_al_ahmadi
2026-06-18,17.149933610047334,2.0,0.0,-0.0,-2.0,-2.0,1.0,-0.0,mina_al_ahmadi
2026-06-19,18.441691612980083,0.0,1.291758002932749,-1.291758002932749,-1.291758002932749,-1.6458790014663744,0.6666666666666666,-0.6458790014663744,mina_al_ahmadi
2026-06-20,18.441691612980083,0.0,0.0,-0.0,-0.0,-1.0972526676442496,0.5,-0.430586000977583,mina_al_ahmadi
2026-06-21,18.441691612980083,4.13188,0.0,-0.0,-4.13188,-1.8559095007331872,1.226376,-0.3229395007331872,mina_al_ahmadi
2026-06-22,18.441691612980083,0.0,0.0,-0.0,-0.0,-1.4847276005865497,1.0219799999999999,-0.25835160058654977,mina_al_ahmadi
2026-06-23,17.864599219009182,0.0,-0.5770923939709007,0.5770923939709007,0.5770923939709007,-1.1410909348269747,0.8759828571428571,-0.1191109348269747,mina_al_ahmadi
2026-06-24,17.55530164551248,2.0,-0.3092975734967034,0.3092975734967034,-1.6907024265032966,-1.2196068622093061,1.1616971428571428,-0.05790971935216354,mina_al_ahmadi
2026-06-25,19.03215182783967,0.0,1.4768501823271905,-1.4768501823271905,-1.4768501823271905,-1.1448711739703334,0.8759828571428571,-0.26888831682747644,mina_al_ahmadi
2026-06-26,19.03215182783967,0.0,0.0,-0.0,-0.0,-0.9603343164085123,0.8759828571428571,-0.0843514592656552,mina_al_ahmadi
2026-06-27,19.03215182783967,0.0,0.0,-0.0,-0.0,-0.9603343164085123,0.8759828571428571,-0.0843514592656552,mina_al_ahmadi
2026-06-28,16.77318170203752,0.0,-2.2589701258021506,2.2589701258021506,2.2589701258021506,-0.047355727008205104,0.2857142857142857,0.2383585587060806,mina_al_ahmadi
2026-06-29,17.49170215996766,0.0,0.7185204579301399,-0.7185204579301399,-0.7185204579301399,-0.1500015067125108,0.2857142857142857,0.13571277900177492,mina_al_ahmadi
2026-06-30,17.49170215996766,0.0,0.0,-0.0,-0.0,-0.23244327727978234,0.2857142857142857,0.053271008434503386,mina_al_ahmadi
2026-07-01,16.64660269491658,0.0,-0.8450994650510779,0.8450994650510779,0.8450994650510779,0.12981413579941403,0.0,0.12981413579941403,mina_al_ahmadi
2026-07-02,16.64660269491658,2.0,0.0,-0.0,-2.0,0.05507844756044124,0.2857142857142857,0.340792733274727,mina_al_ahmadi
2026-07-03,16.64660269491658,2.1191799999999996,0.0,-0.0,-2.1191799999999996,-0.2476615524395587,0.5884542857142857,0.340792733274727,mina_al_ahmadi
2026-07-04,16.64660269491658,0.0,0.0,-0.0,-0.0,-0.2476615524395587,0.5884542857142857,0.340792733274727,mina_al_ahmadi
2026-07-05,16.73891314034745,2.0,0.09231044543086853,-0.09231044543086853,-2.0923104454308685,-0.8692730626157044,0.8741685714285714,0.004895508812867076,mina_al_ahmadi
2026-07-06,16.73891314034745,2.0517399999999997,0.0,-0.0,-2.0517399999999997,-1.0597329971971128,1.1672742857142855,0.10754128851717278,mina_al_ahmadi
2026-07-07,16.19432080397496,0.0,-0.5445923363724887,0.5445923363724887,0.5445923363724887,-0.981934092001043,1.1672742857142855,0.1853401937132426,mina_al_ahmadi
2026-07-08,16.19432080397496,0.0,0.0,-0.0,-0.0,-1.1026625870083397,1.1672742857142855,0.06461169870594574,mina_al_ahmadi
2026-07-09,16.19432080397496,0.0,0.0,-0.0,-0.0,-0.816948301294054,0.8815599999999998,0.06461169870594574,mina_al_ahmadi
2026-07-10,16.19432080397496,0.0,0.0,-0.0,-0.0,-0.5142083012940543,0.5788199999999998,0.06461169870594574,mina_al_ahmadi
2026-07-11,18.826622912286304,0.0,2.632302108311343,-2.632302108311343,-2.632302108311343,-0.8902514596242461,0.5788199999999998,-0.3114314596242461,mina_al_ahmadi
2026-07-12,18.826622912286304,2.0,0.0,-0.0,-2.0,-0.8770642531341221,0.57882,-0.29824425313412206,mina_al_ahmadi
2026-07-13,17.66046935741893,0.0,-1.1661535548673747,1.1661535548673747,1.1661535548673747,-0.4173651738673542,0.2857142857142857,-0.13165088815306852,mina_al_ahmadi
2026-07-14,17.66046935741893,1.0792899999999999,0.0,-0.0,-1.0792899999999999,-0.6493483647777099,0.4398985714285714,-0.20944979334913835,mina_al_ahmadi
2026-07-15,17.66046935741893,0.0,0.0,-0.0,-0.0,-0.6493483647777099,0.4398985714285714,-0.20944979334913835,mina_al_ahmadi
2026-07-16,17.66046935741893,0.0,0.0,-0.0,-0.0,-0.6493483647777099,0.4398985714285714,-0.20944979334913835,mina_al_ahmadi
2026-07-17,18.710844487079545,2.0,1.0503751296606154,-1.0503751296606154,-3.0503751296606154,-1.085116240443512,0.7256128571428572,-0.35950338330065484,mina_al_ahmadi
2026-07-18,18.710844487079545,2.0,0.0,-0.0,-2.0,-0.9947873678276059,1.0113271428571429,0.016539775029537043,mina_al_ahmadi
2026-07-19,18.50363727476347,2.0,-0.20720721231607442,0.20720721231607442,-1.7927927876839256,-0.9651863374967381,1.0113271428571429,0.04614080536040482,mina_al_ahmadi
2026-07-20,18.50363727476347,2.084,0.0,-0.0,-2.084,-1.4294939881920772,1.3090414285714285,-0.12045255962064871,mina_al_ahmadi
2026-07-21,18.50363727476347,0.0,0.0,-0.0,-0.0,-1.2753097024777915,1.1548571428571428,-0.12045255962064871,mina_al_ahmadi
2026-07-22,18.50363727476347,0.0,0.0,-0.0,-0.0,-1.2753097024777915,1.1548571428571428,-0.12045255962064871,mina_al_ahmadi
2026-07-23,19.186411323981318,2.0,0.6827740492178478,-0.6827740492178478,-2.682774049217848,-1.6585631380803412,1.4405714285714286,-0.2179917095089127,mina_al_ahmadi
2026-07-24,19.186411323981318,2.0,0.0,-0.0,-2.0,-1.5085095481288247,1.4405714285714286,-0.06793811955739619,mina_al_ahmadi
2026-07-25,19.041154405985424,0.0,-0.14525691799589424,0.14525691799589424,0.14525691799589424,-1.2020442741294113,1.1548571428571428,-0.047187131272268444,mina_al_ahmadi
2026-07-26,19.041154405985424,0.0,0.0,-0.0,-0.0,-0.9459310187459933,0.8691428571428571,-0.07678816160313622,mina_al_ahmadi
2026-07-27,19.041154405985424,0.0,0.0,-0.0,-0.0,-0.6482167330317077,0.5714285714285714,-0.07678816160313622,mina_al_ahmadi
2026-07-28,19.041154405985424,0.0,0.0,-0.0,-0.0,-0.6482167330317077,0.5714285714285714,-0.07678816160313622,mina_al_ahmadi
2026-07-29,19.522388075538064,4.1322,0.48123366955264046,-0.48123366955264046,-4.613433669552641,-1.307278685824942,1.1617428571428572,-0.14553582868208487,mina_al_ahmadi
2026-07-30,19.522388075538064,0.0,0.0,-0.0,-0.0,-0.9240252502223923,0.8760285714285715,-0.04799667879382089,mina_al_ahmadi
2026-07-31,19.333057658653637,0.0,-0.18933041688442742,0.18933041688442742,0.18933041688442742,-0.6112637620960456,0.5903142857142857,-0.02094947638175983,mina_al_ahmadi
2026-08-01,19.333057658653637,0.0,0.0,-0.0,-0.0,-0.6320147503811733,0.5903142857142857,-0.04170046466688758,mina_al_ahmadi
2026-08-02,19.333057658653637,0.0,0.0,-0.0,-0.0,-0.6320147503811733,0.5903142857142857,-0.04170046466688758,mina_al_ahmadi
2026-08-03,19.333057658653637,2.0,0.0,-0.0,-2.0,-0.917729036095459,0.8760285714285715,-0.04170046466688758,mina_al_ahmadi
2026-08-04,19.66807333239376,0.0,0.33501567374012353,-0.33501567374012353,-0.33501567374012353,-0.9655884180583338,0.8760285714285715,-0.08955984662976237,mina_al_ahmadi
2026-08-05,19.66807333239376,4.0000100000000005,0.0,-0.0,-4.0000100000000005,-0.8779564652650995,0.8571442857142858,-0.02081217955081373,mina_al_ahmadi
2026-08-06,18.82135177115324,0.0,-0.8467215612405212,0.8467215612405212,0.8467215612405212,-0.7569962422307394,0.8571442857142858,0.10014804348354645,mina_al_ahmadi
2026-08-07,18.82135177115324,0.0,0.0,-0.0,-0.0,-0.7840434446428004,0.8571442857142858,0.07310084107148539,mina_al_ahmadi
2026-08-08,18.82135177115324,4.0000100000000005,0.0,-0.0,-4.0000100000000005,-1.3554734446428005,1.4285742857142858,0.07310084107148539,mina_al_ahmadi
2026-08-09,18.82135177115324,0.0,0.0,-0.0,-0.0,-1.3554734446428005,1.4285742857142858,0.07310084107148539,mina_al_ahmadi
2026-08-10,16.645627200506553,0.0,-2.175724570646686,2.175724570646686,2.175724570646686,-0.7589413631218453,1.1428600000000002,0.3839186368781548,mina_al_ahmadi
2026-08-11,16.645627200506553,0.0,0.0,-0.0,-0.0,-0.7110819811589705,1.1428600000000002,0.4317780188410296,mina_al_ahmadi
2026-08-12,16.99111433828127,2.0,0.3454871377747182,-0.3454871377747182,-2.345487137774718,-0.47472157226964445,0.8571442857142858,0.3824227134446413,mina_al_ahmadi
2026-08-13,16.99111433828127,0.0,0.0,-0.0,-0.0,-0.5956817953040047,0.8571442857142858,0.26146249041028113,mina_al_ahmadi
2026-06-17,12.240460965161397,1.9,,,,,1.9,,al_basrah
2026-06-18,12.240460965161397,0.0,0.0,-0.0,-0.0,-0.0,0.95,-0.0,al_basrah
2026-06-19,12.125530304024892,0.0,-0.11493066113650485,0.11493066113650485,0.11493066113650485,0.057465330568252426,0.6333333333333333,0.057465330568252426,al_basrah
2026-06-20,12.125530304024892,0.0,0.0,-0.0,-0.0,0.03831022037883495,0.475,0.03831022037883495,al_basrah
2026-06-21,12.125530304024892,0.98,0.0,-0.0,-0.98,-0.21626733471587378,0.576,0.028732665284126213,al_basrah
2026-06-22,12.125530304024892,1.0,0.0,-0.0,-1.0,-0.373013867772699,0.6466666666666666,0.02298613222730097,al_basrah
2026-06-23,12.316863692225516,0.0,0.19133338820062384,-0.19133338820062384,-0.19133338820062384,-0.3427337878440198,0.5542857142857143,-0.012733787844019831,al_basrah
2026-06-24,13.058706597091815,2.0043699999999998,0.7418429048662993,-0.7418429048662993,-2.746212904866299,-0.6860879474186312,0.5691957142857142,-0.1168922331329169,al_basrah
2026-06-25,13.194461302470083,0.0,0.13575470537826817,-0.13575470537826817,-0.13575470537826817,-0.7054814767583838,0.5691957142857142,-0.1362857624726695,al_basrah
2026-06-26,13.194461302470083,2.09469,0.0,-0.0,-2.09469,-1.021141571206456,0.8684371428571429,-0.15270442834931305,al_basrah
2026-06-27,13.194461302470083,0.0,0.0,-0.0,-0.0,-1.021141571206456,0.8684371428571429,-0.15270442834931305,al_basrah
2026-06-28,16.941966224427446,0.0,3.747504921957363,-3.747504921957363,-3.747504921957363,-1.4164994172003649,0.7284371428571428,-0.6880622743432221,al_basrah
2026-06-29,17.123167075647256,0.0,0.18120085121980978,-0.18120085121980978,-0.18120085121980978,-1.2995281102317662,0.58558,-0.7139481102317663,al_basrah
2026-06-30,17.123167075647256,0.98,0.0,-0.0,-0.98,-1.4121947690602485,0.7255799999999999,-0.6866147690602487,al_basrah
2026-07-01,16.528548866990775,1.96,-0.5946182086564811,0.5946182086564811,-1.365381791343519,-1.214933181414137,0.7192414285714285,-0.49569175284270856,al_basrah
2026-07-02,16.528548866990775,0.0,0.0,-0.0,-0.0,-1.1955396520743844,0.7192414285714285,-0.476298223502956,al_basrah
2026-07-03,16.528548866990775,1.89999,0.0,-0.0,-1.89999,-1.1677253663600988,0.6914271428571429,-0.476298223502956,al_basrah
2026-07-04,16.528548866990775,0.0,0.0,-0.0,-0.0,-1.1677253663600988,0.6914271428571429,-0.476298223502956,al_basrah
2026-07-05,13.13040236105975,1.98,-3.3981465059310256,3.3981465059310256,1.4181465059310256,-0.42977516237604324,0.9742842857142857,0.5445091233382424,al_basrah
2026-07-06,13.13040236105975,2.12088,0.0,-0.0,-2.12088,-0.7068721836303562,1.277267142857143,0.5703949592267866,al_basrah
2026-07-07,13.213165293298538,2.00868,0.08276293223878817,-0.08276293223878817,-2.091442932238788,-0.8656497453787545,1.4242214285714285,0.558571683192674,al_basrah
2026-07-08,13.213165293298538,4.04497,0.0,-0.0,-4.04497,-1.248448060901109,1.7220742857142857,0.4736262248131768,al_basrah
2026-07-09,13.213165293298538,1.97999,0.0,-0.0,-1.97999,-1.5313037751868233,2.0049300000000003,0.4736262248131768,al_basrah
2026-07-10,13.213165293298538,0.0,0.0,-0.0,-0.0,-1.2598766323296802,1.7335028571428572,0.4736262248131768,al_basrah
2026-07-11,13.031560283562174,1.9600499999999998,-0.18160500973636395,0.18160500973636395,-1.778444990263636,-1.5139402023673425,2.01351,0.49956979763265735,al_basrah
2026-07-12,13.031560283562174,1.0406099999999998,0.0,-0.0,-1.0406099999999998,-1.8651911317860606,1.8793114285714285,0.01412029678536797,al_basrah
2026-07-13,13.463343184038054,0.0,0.43178290047588064,-0.43178290047588064,-0.43178290047588064,-1.6238915461397576,1.5763285714285715,-0.04756297471118641,al_basrah
2026-07-14,13.463343184038054,0.0,0.0,-0.0,-0.0,-1.3251139843913593,1.2893742857142858,-0.035739698677073814,al_basrah
2026-07-15,13.463343184038054,0.0,0.0,-0.0,-0.0,-0.7472611272485024,0.7115214285714285,-0.035739698677073814,al_basrah
2026-07-16,13.463343184038054,0.0,0.0,-0.0,-0.0,-0.4644054129627881,0.42866571428571426,-0.035739698677073814,al_basrah
2026-07-17,14.050046943773465,4.97411,0.5867037597354106,-0.5867037597354106,-5.56081375973541,-1.2588073786392753,1.139252857142857,-0.11955452149641818,al_basrah
2026-07-18,14.050046943773465,1.9600499999999998,0.0,-0.0,-1.9600499999999998,-1.2847509514587558,1.139252857142857,-0.14549809431589875,al_basrah
2026-07-19,14.174734907019715,0.0,0.12468796324625053,-0.12468796324625053,-0.12468796324625053,-1.1539049462082203,0.9905942857142856,-0.16331066049393453,al_basrah
2026-07-20,14.174734907019715,5.9303,0.0,-0.0,-5.9303,-1.93940738899738,1.83778,-0.10162738899738015,al_basrah
2026-07-21,14.174734907019715,1.96,0.0,-0.0,-1.96,-2.21940738899738,2.1177799999999998,-0.10162738899738015,al_basrah
2026-07-22,14.174734907019715,0.0,0.0,-0.0,-0.0,-2.21940738899738,2.1177799999999998,-0.10162738899738015,al_basrah
2026-07-23,14.07228968473943,0.0,-0.10244522228028607,0.10244522228028607,0.10244522228028607,-2.2047723572430535,2.1177799999999998,-0.08699235724305357,al_basrah
2026-07-24,14.07228968473943,0.0,0.0,-0.0,-0.0,-1.4103703915665662,1.407192857142857,-0.0031775344237092084,al_basrah
2026-07-25,14.113596858525153,1.96,0.04130717378572335,-0.04130717378572335,-2.0013071737857233,-1.4162642735359552,1.4071857142857145,-0.009078559250241116,al_basrah
2026-07-26,14.113596858525153,0.0,0.0,-0.0,-0.0,-1.3984517073579197,1.4071857142857145,0.008734006927794675,al_basrah
2026-07-27,14.113596858525153,0.0,0.0,-0.0,-0.0,-0.5512659930722054,0.5599999999999999,0.008734006927794675,al_basrah
2026-07-28,14.113596858525153,2.89989,0.0,-0.0,-2.89989,-0.6855359930722054,0.69427,0.008734006927794675,al_basrah
2026-07-29,14.283356531575883,0.0,0.1697596730507307,-0.1697596730507307,-0.1697596730507307,-0.7097873749365954,0.69427,-0.015517374936595425,al_basrah
2026-07-30,14.283356531575883,1.96,0.0,-0.0,-1.96,-1.004422406690922,0.97427,-0.030152406690922007,al_basrah
2026-07-31,14.098809756690573,0.0,-0.18454677488531068,0.18454677488531068,0.18454677488531068,-0.9780585817073062,0.97427,-0.003788581707306195,al_basrah
2026-08-01,14.098809756690573,5.00291,0.0,-0.0,-5.00291,-1.406858985452203,1.4089714285714285,0.002112443119225712,al_basrah
2026-08-02,14.098809756690573,0.0,0.0,-0.0,-0.0,-1.406858985452203,1.4089714285714285,0.002112443119225712,al_basrah
2026-08-03,14.098809756690573,0.0,0.0,-0.0,-0.0,-1.406858985452203,1.4089714285714285,0.002112443119225712,al_basrah
2026-08-04,14.520543571366492,1.97999,0.4217338146759193,-0.4217338146759193,-2.401723814675919,-1.3356923875487627,1.2775571428571428,-0.0581352446916199,al_basrah
2026-08-05,14.520543571366492,3.92,0.0,-0.0,-3.92,-1.8714410056843727,1.8375571428571429,-0.033883862827229806,al_basrah
2026-08-06,14.136586823491204,0.0,-0.38395674787528833,0.38395674787528833,0.38395674787528833,-1.5365900417021885,1.5575571428571426,0.020967101154954242,al_basrah
2026-08-07,14.136586823491204,0.0,0.0,-0.0,-0.0,-1.5629538666858045,1.5575571428571426,-0.005396723828661568,al_basrah
2026-08-08,14.136586823491204,1.96,0.0,-0.0,-1.96,-1.128252438114376,1.1228557142857143,-0.005396723828661568,al_basrah
2026-08-09,14.136586823491204,3.86,0.0,-0.0,-3.86,-1.679681009542947,1.6742842857142857,-0.005396723828661568,al_basrah
2026-08-10,13.406136443072526,2.00703,-0.7304503804186773,0.7304503804186773,-1.2765796195813226,-1.8620495266259933,1.961002857142857,0.09895333051686375,al_basrah
2026-08-11,13.406136443072526,0.0,0.0,-0.0,-0.0,-1.5189461245294333,1.6781471428571426,0.15920101832770936,al_basrah
2026-08-12,13.310363277607333,0.0,-0.09577316546519299,0.09577316546519299,0.09577316546519299,-0.9452642437486916,1.1181471428571428,0.17288289910845123,al_basrah
2026-08-13,13.310363277607333,0.0,0.0,-0.0,-0.0,-1.0001152077308757,1.1181471428571428,0.11803193512626718,al_basrah
2026-06-17,1.6156596387058977,0.0,,,,,0.0,,mesaieed
2026-06-18,2.071817474713648,0.0,0.4561578360077505,-0.4561578360077505,-0.4561578360077505,-0.4561578360077505,0.0,-0.4561578360077505,mesaieed
2026-06-19,2.071817474713648,0.0,0.0,-0.0,-0.0,-0.22807891800387525,0.0,-0.22807891800387525,mesaieed
2026-06-20,2.071817474713648,0.0,0.0,-0.0,-0.0,-0.1520526120025835,0.0,-0.1520526120025835,mesaieed
2026-06-21,2.071817474713648,0.0,0.0,-0.0,-0.0,-0.11403945900193763,0.0,-0.11403945900193763,mesaieed
2026-06-22,2.071817474713648,0.0,0.0,-0.0,-0.0,-0.0912315672015501,0.0,-0.0912315672015501,mesaieed
2026-06-23,2.579582500550942,0.0,0.5077650258372937,-0.5077650258372937,-0.5077650258372937,-0.16065381030750736,0.0,-0.16065381030750736,mesaieed
2026-06-24,2.579582500550942,0.0,0.0,-0.0,-0.0,-0.13770326597786345,0.0,-0.13770326597786345,mesaieed
2026-06-25,2.579582500550942,0.0,0.0,-0.0,-0.0,-0.0725378608338991,0.0,-0.0725378608338991,mesaieed
2026-06-26,2.579582500550942,0.0,0.0,-0.0,-0.0,-0.0725378608338991,0.0,-0.0725378608338991,mesaieed
2026-06-27,2.579582500550942,0.2,0.0,-0.0,-0.2,-0.10110928940532767,0.028571428571428574,-0.0725378608338991,mesaieed
2026-06-28,2.579582500550942,0.0,0.0,-0.0,-0.0,-0.10110928940532767,0.028571428571428574,-0.0725378608338991,mesaieed
2026-06-29,2.579582500550942,0.0,0.0,-0.0,-0.0,-0.10110928940532767,0.028571428571428574,-0.0725378608338991,mesaieed
2026-06-30,2.2752773499879333,0.0,-0.30430515056300855,0.30430515056300855,0.30430515056300855,0.014900735794715505,0.028571428571428574,0.04347216436614408,mesaieed
2026-07-01,2.2752773499879333,0.0,0.0,-0.0,-0.0,0.014900735794715505,0.028571428571428574,0.04347216436614408,mesaieed
2026-07-02,2.2752773499879333,0.0,0.0,-0.0,-0.0,0.014900735794715505,0.028571428571428574,0.04347216436614408,mesaieed
2026-07-03,2.2752773499879333,0.0,0.0,-0.0,-0.0,0.014900735794715505,0.028571428571428574,0.04347216436614408,mesaieed
2026-07-04,2.2752773499879333,0.0,0.0,-0.0,-0.0,0.04347216436614408,0.0,0.04347216436614408,mesaieed
2026-07-05,2.2752773499879333,0.0,0.0,-0.0,-0.0,0.04347216436614408,0.0,0.04347216436614408,mesaieed
2026-07-06,2.717530932087259,0.0,0.44225358209932564,-0.44225358209932564,-0.44225358209932564,-0.01970691879090244,0.0,-0.01970691879090244,mesaieed
2026-07-07,2.717530932087259,0.0,0.0,-0.0,-0.0,-0.06317908315704653,0.0,-0.06317908315704653,mesaieed
2026-07-08,2.717530932087259,1.0386,0.0,-0.0,-1.0386,-0.21155051172847508,0.14837142857142857,-0.06317908315704653,mesaieed
2026-07-09,2.717530932087259,0.0,0.0,-0.0,-0.0,-0.21155051172847508,0.14837142857142857,-0.06317908315704653,mesaieed
2026-07-10,2.717530932087259,0.0,0.0,-0.0,-0.0,-0.21155051172847508,0.14837142857142857,-0.06317908315704653,mesaieed
2026-07-11,2.717530932087259,0.0,0.0,-0.0,-0.0,-0.21155051172847508,0.14837142857142857,-0.06317908315704653,mesaieed
2026-07-12,2.3689278264251743,0.0,-0.34860310566208463,0.34860310566208463,0.34860310566208463,-0.161750068062463,0.14837142857142857,-0.01337863949103443,mesaieed
2026-07-13,2.3689278264251743,0.0,0.0,-0.0,-0.0,-0.09857098490541648,0.14837142857142857,0.04980044366601209,mesaieed
2026-07-14,2.3689278264251743,1.02401,0.0,-0.0,-1.02401,-0.24485812776255936,0.2946585714285715,0.04980044366601209,mesaieed
2026-07-15,2.3689278264251743,0.0,0.0,-0.0,-0.0,-0.09648669919113077,0.14628714285714287,0.04980044366601209,mesaieed
2026-07-16,2.3689278264251743,0.0,0.0,-0.0,-0.0,-0.09648669919113077,0.14628714285714287,0.04980044366601209,mesaieed
2026-07-17,2.3689278264251743,0.0,0.0,-0.0,-0.0,-0.09648669919113077,0.14628714285714287,0.04980044366601209,mesaieed
2026-07-18,2.1132602764278903,0.0,-0.255667549997284,0.255667549997284,0.255667549997284,-0.05996276347723306,0.14628714285714287,0.0863243793799098,mesaieed
2026-07-19,2.1132602764278903,0.0,0.0,-0.0,-0.0,-0.10976320714324515,0.14628714285714287,0.03652393571389772,mesaieed
2026-07-20,2.1132602764278903,0.0,0.0,-0.0,-0.0,-0.10976320714324515,0.14628714285714287,0.03652393571389772,mesaieed
2026-07-21,2.1132602764278903,0.0,0.0,-0.0,-0.0,0.03652393571389772,0.0,0.03652393571389772,mesaieed
2026-07-22,2.1132602764278903,0.0,0.0,-0.0,-0.0,0.03652393571389772,0.0,0.03652393571389772,mesaieed
2026-07-23,2.1132602764278903,0.0,0.0,-0.0,-0.0,0.03652393571389772,0.0,0.03652393571389772,mesaieed
2026-07-24,2.569960950483714,0.0,0.4567006740558237,-0.4567006740558237,-0.4567006740558237,-0.028719017722648527,0.0,-0.028719017722648527,mesaieed
2026-07-25,2.569960950483714,0.6971900000000001,0.0,-0.0,-0.6971900000000001,-0.16484152486511766,0.09959857142857144,-0.06524295343654625,mesaieed
2026-07-26,2.569960950483714,0.0,0.0,-0.0,-0.0,-0.16484152486511766,0.09959857142857144,-0.06524295343654625,mesaieed
2026-07-27,2.569960950483714,0.0,0.0,-0.0,-0.0,-0.16484152486511766,0.09959857142857144,-0.06524295343654625,mesaieed
2026-07-28,2.569960950483714,0.0,0.0,-0.0,-0.0,-0.16484152486511766,0.09959857142857144,-0.06524295343654625,mesaieed
2026-07-29,2.569960950483714,0.0,0.0,-0.0,-0.0,-0.16484152486511766,0.09959857142857144,-0.06524295343654625,mesaieed
2026-07-30,2.030687035062173,0.0,-0.5392739154215409,0.5392739154215409,0.5392739154215409,-0.08780239409061184,0.09959857142857144,0.0117961773379596,mesaieed
2026-07-31,2.030687035062173,0.0,0.0,-0.0,-0.0,-0.022559440654065597,0.09959857142857144,0.07703913077450585,mesaieed
2026-08-01,2.030687035062173,0.0,0.0,-0.0,-0.0,0.07703913077450585,0.0,0.07703913077450585,mesaieed
2026-08-02,2.030687035062173,0.0,0.0,-0.0,-0.0,0.07703913077450585,0.0,0.07703913077450585,mesaieed
2026-08-03,2.030687035062173,0.0,0.0,-0.0,-0.0,0.07703913077450585,0.0,0.07703913077450585,mesaieed
2026-08-04,2.030687035062173,0.0,0.0,-0.0,-0.0,0.07703913077450585,0.0,0.07703913077450585,mesaieed
2026-08-05,2.897901474182893,0.0,0.8672144391207199,-0.8672144391207199,-0.8672144391207199,-0.046848646242739864,0.0,-0.046848646242739864,mesaieed
2026-08-06,2.897901474182893,0.0,0.0,-0.0,-0.0,-0.12388777701724571,0.0,-0.12388777701724571,mesaieed
2026-08-07,2.897901474182893,0.0,0.0,-0.0,-0.0,-0.12388777701724571,0.0,-0.12388777701724571,mesaieed
2026-08-08,2.897901474182893,0.0,0.0,-0.0,-0.0,-0.12388777701724571,0.0,-0.12388777701724571,mesaieed
2026-08-09,2.897901474182893,0.0,0.0,-0.0,-0.0,-0.12388777701724571,0.0,-0.12388777701724571,mesaieed
2026-08-10,2.897901474182893,0.0,0.0,-0.0,-0.0,-0.12388777701724571,0.0,-0.12388777701724571,mesaieed
2026-08-11,2.666095925688028,1.06765,-0.23180554849486512,0.23180554849486512,-0.8358444515051349,-0.24329412723226498,0.15252142857142856,-0.0907726986608364,mesaieed
2026-08-12,2.666095925688028,0.0,0.0,-0.0,-0.0,-0.11940635021501926,0.15252142857142856,0.033115078356409304,mesaieed
2026-08-13,2.666095925688028,0.0,0.0,-0.0,-0.0,-0.11940635021501926,0.15252142857142856,0.033115078356409304,mesaieed
2026-06-17,22.810893851240298,0.0,,,,,0.0,,kharg
2026-06-18,22.900473733160638,0.0,0.08957988192033994,-0.08957988192033994,-0.08957988192033994,-0.08957988192033994,0.0,-0.08957988192033994,kharg
2026-06-19,23.08766459246894,0.0,0.18719085930830204,-0.18719085930830204,-0.18719085930830204,-0.138385370614321,0.0,-0.138385370614321,kharg
2026-06-20,23.08766459246894,0.0,0.0,-0.0,-0.0,-0.09225691374288066,0.0,-0.09225691374288066,kharg
2026-06-21,23.08766459246894,5.17287,0.0,-0.0,-5.17287,-1.3624101853071604,1.0345739999999999,-0.0691926853071605,kharg
2026-06-22,23.08766459246894,2.00361,0.0,-0.0,-2.00361,-1.4906501482457284,1.19608,-0.055354148245728395,kharg
2026-06-23,16.49243866438615,0.0,-6.59522592808279,6.59522592808279,6.59522592808279,-0.14300413552430857,1.0252114285714284,1.0530758644756915,kharg
2026-06-24,16.49243866438615,0.0,0.0,-0.0,-0.0,-0.1225749733065502,1.0252114285714284,0.9026364552648783,kharg
2026-06-25,16.49243866438615,0.0,0.0,-0.0,-0.0,-0.10977784731793021,1.0252114285714284,0.9154335812534983,kharg
2026-06-26,16.8509858181222,1.7450999999999999,0.35854715373605117,-0.35854715373605117,-2.103647153736051,-0.38355731795046577,1.2745114285714283,0.8909541106209627,kharg
2026-06-27,16.8509858181222,0.0,0.0,-0.0,-0.0,-0.38355731795046577,1.2745114285714283,0.8909541106209627,kharg
2026-06-28,16.8509858181222,2.07137,0.0,-0.0,-2.07137,0.05951411062096274,0.83144,0.8909541106209627,kharg
2026-06-29,16.8509858181222,1.49425,0.0,-0.0,-1.49425,0.13227982490667703,0.7586742857142857,0.8909541106209627,kharg
2026-06-30,14.076467173863334,2.0342000000000002,-2.774518644258867,2.774518644258867,0.740318644258867,-0.7041355013538835,1.0492742857142858,0.3451387843604023,kharg
2026-07-01,14.076467173863334,0.0,0.0,-0.0,-0.0,-0.7041355013538835,1.0492742857142858,0.3451387843604023,kharg
2026-07-02,14.976594166729491,0.0,0.9001269928661575,-0.9001269928661575,-0.9001269928661575,-0.8327250717633345,1.0492742857142858,0.21654921395095122,kharg
2026-07-03,14.976594166729491,4.140560000000001,0.0,-0.0,-4.140560000000001,-1.1237126212296131,1.3914828571428575,0.2677702359132442,kharg
2026-07-04,14.976594166729491,2.0,0.0,-0.0,-2.0,-1.409426906943899,1.677197142857143,0.2677702359132442,kharg
2026-07-05,14.976594166729491,0.0,0.0,-0.0,-0.0,-1.1135169069438988,1.381287142857143,0.2677702359132442,kharg
2026-07-06,13.051545535841331,0.0,-1.9250486308881598,1.9250486308881598,1.9250486308881598,-0.6250456739598759,1.167822857142857,0.5427771831829814,kharg
2026-07-07,13.051545535841331,0.0,0.0,-0.0,-0.0,-0.7308054802825712,0.8772228571428572,0.14641737686028605,kharg
2026-07-08,10.28744986213872,5.9415,-2.7640956737026112,2.7640956737026112,-3.1774043262973883,-1.184720384039341,1.7260085714285716,0.5412881873892305,kharg
2026-07-09,10.28744986213872,0.0,0.0,-0.0,-0.0,-1.05613081362989,1.7260085714285716,0.6698777577986815,kharg
2026-07-10,10.28744986213872,0.0,0.0,-0.0,-0.0,-0.46462224220131837,1.1344999999999998,0.6698777577986815,kharg
2026-07-11,10.28744986213872,0.0,0.0,-0.0,-0.0,-0.17890795648703264,0.8487857142857143,0.6698777577986815,kharg
2026-07-12,12.141443776300568,2.0,1.8539939141618476,-1.8539939141618476,-3.8539939141618476,-0.7294785156530109,1.1344999999999998,0.4050214843469891,kharg
2026-07-13,12.141443776300568,0.0,0.0,-0.0,-0.0,-1.004485462922748,1.1344999999999998,0.13001453707725194,kharg
2026-07-14,12.239026628410462,3.08334,0.0975828521098947,-0.0975828521098947,-3.180922852109895,-1.4589030132241614,1.5749771428571429,0.11607412963298128,kharg
2026-07-15,12.239026628410462,0.0,0.0,-0.0,-0.0,-1.0049881094673918,0.7261914285714285,-0.27879668089596316,kharg
2026-07-16,12.239026628410462,4.04765,0.0,-0.0,-4.04765,-1.5832238237531062,1.304427142857143,-0.27879668089596316,kharg
2026-07-17,12.239026628410462,0.0,0.0,-0.0,-0.0,-1.5832238237531062,1.304427142857143,-0.27879668089596316,kharg
2026-07-18,15.914990853016729,0.0,3.6759642246062665,-3.6759642246062665,-3.6759642246062665,-2.10836157012543,1.304427142857143,-0.803934427268287,kharg
2026-07-19,15.914990853016729,0.0,0.0,-0.0,-0.0,-1.5577910109594517,1.0187128571428572,-0.5390781538165944,kharg
2026-07-20,16.419716986723913,0.24700999999999998,0.5047261337071838,-0.5047261337071838,-0.7517361337071837,-1.665181887203335,1.054,-0.611181887203335,kharg
2026-07-21,16.419716986723913,0.0,0.0,-0.0,-0.0,-1.2107643369019214,0.6135228571428571,-0.5972414797590643,kharg
2026-07-22,16.419716986723913,0.0,0.0,-0.0,-0.0,-1.2107643369019214,0.6135228571428571,-0.5972414797590643,kharg
2026-07-23,16.419716986723913,0.0,0.0,-0.0,-0.0,-0.6325286226162071,0.03528714285714298,-0.5972414797590643,kharg
2026-07-24,17.472497720696833,0.0,1.05278073397292,-1.05278073397292,-1.05278073397292,-0.7829258703266243,0.03528714285714298,-0.7476387274694815,kharg
2026-07-25,17.472497720696833,0.0,0.0,-0.0,-0.0,-0.25778812395430056,0.03528714285714298,-0.22250098109715769,kharg
2026-07-26,17.422395169358204,0.56035,-0.05010255133862884,0.05010255133862884,-0.5102474486613712,-0.3306806166202107,0.11533714285714299,-0.21534347376306787,kharg
2026-07-27,17.422395169358204,0.0,0.0,-0.0,-0.0,-0.22328974037632734,0.08005000000000013,-0.1432397403763273,kharg
2026-07-28,17.422395169358204,0.0,0.0,-0.0,-0.0,-0.22328974037632734,0.08005000000000013,-0.1432397403763273,kharg
2026-07-29,17.422395169358204,0.0,0.0,-0.0,-0.0,-0.22328974037632734,0.08005000000000013,-0.1432397403763273,kharg
2026-07-30,17.156023836042106,0.0,-0.26637133331609775,0.26637133331609775,0.26637133331609775,-0.18523669275974194,0.08005000000000013,-0.10518669275974192,kharg
2026-07-31,17.156023836042106,0.7513200000000001,0.0,-0.0,-0.7513200000000001,-0.14217087362075337,0.18738142857142873,0.045210554950675226,kharg
2026-08-01,17.18317058847325,0.0,0.027146752431143284,-0.027146752431143284,-0.027146752431143284,-0.1460489811109167,0.18738142857142873,0.0413324474605119,kharg
2026-08-02,17.18317058847325,0.0,0.0,-0.0,-0.0,-0.07315648844500652,0.10733142857142872,0.03417494012642207,kharg
2026-08-03,17.18317058847325,0.0,0.0,-0.0,-0.0,-0.07315648844500652,0.10733142857142872,0.03417494012642207,kharg
2026-08-04,17.18317058847325,0.0,0.0,-0.0,-0.0,-0.07315648844500652,0.10733142857142872,0.03417494012642207,kharg
2026-08-05,17.67041615313823,0.0,0.48724556466498115,-0.48724556466498115,-0.48724556466498115,-0.14276299768286096,0.10733142857142872,-0.03543156911143238,kharg
2026-08-06,17.67041615313823,0.0,0.0,-0.0,-0.0,-0.18081604529944637,0.10733142857142872,-0.07348461672801777,kharg
2026-08-07,17.886411550632893,0.0,0.21599539749466246,-0.21599539749466246,-0.21599539749466246,-0.10434110208439813,0.0,-0.10434110208439813,kharg
2026-08-08,17.886411550632893,0.0,0.0,-0.0,-0.0,-0.1004629945942348,0.0,-0.1004629945942348,kharg
2026-08-09,17.886411550632893,0.0,0.0,-0.0,-0.0,-0.1004629945942348,0.0,-0.1004629945942348,kharg
2026-08-10,17.886411550632893,0.0,0.0,-0.0,-0.0,-0.1004629945942348,0.0,-0.1004629945942348,kharg
2026-08-11,17.943583510539156,0.0,0.057171959906263226,-0.057171959906263226,-0.057171959906263226,-0.1086304174379867,0.0,-0.1086304174379867,kharg
2026-08-12,17.943583510539156,0.0,0.0,-0.0,-0.0,-0.03902390820013224,0.0,-0.03902390820013224,kharg
2026-08-13,17.943583510539156,0.0,0.0,-0.0,-0.0,-0.03902390820013224,0.0,-0.03902390820013224,kharg
2026-06-17,4.2591581303593555,0.0,,,,,0.0,,jebel_dhanna
2026-06-18,4.304149013832857,0.0,0.044990883473501775,-0.044990883473501775,-0.044990883473501775,-0.044990883473501775,0.0,-0.044990883473501775,jebel_dhanna
2026-06-19,4.304149013832857,0.0,0.0,-0.0,-0.0,-0.022495441736750887,0.0,-0.022495441736750887,jebel_dhanna
2026-06-20,4.304149013832857,0.0,0.0,-0.0,-0.0,-0.014996961157833924,0.0,-0.014996961157833924,jebel_dhanna
2026-06-21,4.539072382891715,0.0,0.23492336905885747,-0.23492336905885747,-0.23492336905885747,-0.06997856313308981,0.0,-0.06997856313308981,jebel_dhanna
2026-06-22,4.539072382891715,0.0,0.0,-0.0,-0.0,-0.05598285050647185,0.0,-0.05598285050647185,jebel_dhanna
2026-06-23,4.539072382891715,0.0,0.0,-0.0,-0.0,-0.046652375422059876,0.0,-0.046652375422059876,jebel_dhanna
2026-06-24,4.539072382891715,0.0,0.0,-0.0,-0.0,-0.039987750361765606,0.0,-0.039987750361765606,jebel_dhanna
2026-06-25,5.706089998282964,0.0,1.1670176153912495,-1.1670176153912495,-1.1670176153912495,-0.2002772834928724,0.0,-0.2002772834928724,jebel_dhanna
2026-06-26,5.706089998282964,0.0,0.0,-0.0,-0.0,-0.2002772834928724,0.0,-0.2002772834928724,jebel_dhanna
2026-06-27,5.706089998282964,0.0,0.0,-0.0,-0.0,-0.2002772834928724,0.0,-0.2002772834928724,jebel_dhanna
2026-06-28,5.389376098845562,0.0,-0.3167138994374019,0.3167138994374019,0.3167138994374019,-0.12147195942197822,0.0,-0.12147195942197822,jebel_dhanna
2026-06-29,5.389376098845562,0.0,0.0,-0.0,-0.0,-0.12147195942197822,0.0,-0.12147195942197822,jebel_dhanna
2026-06-30,5.389376098845562,0.0,0.0,-0.0,-0.0,-0.12147195942197822,0.0,-0.12147195942197822,jebel_dhanna
2026-07-01,4.521445856393348,0.0,-0.8679302424522142,0.8679302424522142,0.8679302424522142,0.0025180752140523716,0.0,0.0025180752140523716,jebel_dhanna
2026-07-02,4.521445856393348,0.0,0.0,-0.0,-0.0,0.1692348774128023,0.0,0.1692348774128023,jebel_dhanna
2026-07-03,4.521445856393348,0.0,0.0,-0.0,-0.0,0.1692348774128023,0.0,0.1692348774128023,jebel_dhanna
2026-07-04,3.519524760430684,0.0,-1.0019210959626643,1.0019210959626643,1.0019210959626643,0.3123664625503258,0.0,0.3123664625503258,jebel_dhanna
2026-07-05,3.519524760430684,0.0,0.0,-0.0,-0.0,0.2671216197735541,0.0,0.2671216197735541,jebel_dhanna
2026-07-06,3.519524760430684,0.0,0.0,-0.0,-0.0,0.2671216197735541,0.0,0.2671216197735541,jebel_dhanna
2026-07-07,4.991365883789717,0.0,1.4718411233590332,-1.4718411233590332,-1.4718411233590332,0.05685860215083505,0.0,0.05685860215083505,jebel_dhanna
2026-07-08,4.991365883789717,0.0,0.0,-0.0,-0.0,-0.06713143248519556,0.0,-0.06713143248519556,jebel_dhanna
2026-07-09,4.991365883789717,0.0,0.0,-0.0,-0.0,-0.06713143248519556,0.0,-0.06713143248519556,jebel_dhanna
2026-07-10,5.745551447106627,0.0,0.7541855633169101,-0.7541855633169101,-0.7541855633169101,-0.17487222724475412,0.0,-0.17487222724475412,jebel_dhanna
2026-07-11,5.745551447106627,0.0,0.0,-0.0,-0.0,-0.3180038123822776,0.0,-0.3180038123822776,jebel_dhanna
2026-07-12,5.745551447106627,0.0,0.0,-0.0,-0.0,-0.3180038123822776,0.0,-0.3180038123822776,jebel_dhanna
2026-07-13,5.278750466361017,0.0,-0.46680098074561016,0.46680098074561016,0.46680098074561016,-0.2513179579900476,0.0,-0.2513179579900476,jebel_dhanna
2026-07-14,5.278750466361017,0.0,0.0,-0.0,-0.0,-0.04105494036732856,0.0,-0.04105494036732856,jebel_dhanna
2026-07-15,5.278750466361017,0.0,0.0,-0.0,-0.0,-0.04105494036732856,0.0,-0.04105494036732856,jebel_dhanna
2026-07-16,4.755399424534103,0.0,-0.5233510418269143,0.5233510418269143,0.5233510418269143,0.033709494179373474,0.0,0.033709494179373474,jebel_dhanna
2026-07-17,4.755399424534103,0.0,0.0,-0.0,-0.0,0.14145028893893205,0.0,0.14145028893893205,jebel_dhanna
2026-07-18,4.755399424534103,0.0,0.0,-0.0,-0.0,0.14145028893893205,0.0,0.14145028893893205,jebel_dhanna
2026-07-19,4.539654370772169,0.0,-0.21574505376193365,0.21574505376193365,0.21574505376193365,0.17227101090492258,0.0,0.17227101090492258,jebel_dhanna
2026-07-20,4.539654370772169,0.0,0.0,-0.0,-0.0,0.10558515651269255,0.0,0.10558515651269255,jebel_dhanna
2026-07-21,4.539654370772169,0.0,0.0,-0.0,-0.0,0.10558515651269255,0.0,0.10558515651269255,jebel_dhanna
2026-07-22,4.379740145482187,0.0,-0.1599142252899819,0.1599142252899819,0.1599142252899819,0.12843004583983283,0.0,0.12843004583983283,jebel_dhanna
2026-07-23,4.379740145482187,0.0,0.0,-0.0,-0.0,0.05366561129313079,0.0,0.05366561129313079,jebel_dhanna
2026-07-24,4.379740145482187,0.0,0.0,-0.0,-0.0,0.05366561129313079,0.0,0.05366561129313079,jebel_dhanna
2026-07-25,4.990816059918739,0.0,0.6110759144365518,-0.6110759144365518,-0.6110759144365518,-0.033630947912090904,0.0,-0.033630947912090904,jebel_dhanna
2026-07-26,4.990816059918739,0.0,0.0,-0.0,-0.0,-0.06445166987808142,0.0,-0.06445166987808142,jebel_dhanna
2026-07-27,4.990816059918739,0.0,0.0,-0.0,-0.0,-0.06445166987808142,0.0,-0.06445166987808142,jebel_dhanna
2026-07-28,4.19567893139353,0.0,-0.7951371285252087,0.7951371285252087,0.7951371285252087,0.04913934848266267,0.0,0.04913934848266267,jebel_dhanna
2026-07-29,4.19567893139353,0.0,0.0,-0.0,-0.0,0.026294459155522403,0.0,0.026294459155522403,jebel_dhanna
2026-07-30,4.19567893139353,0.0,0.0,-0.0,-0.0,0.026294459155522403,0.0,0.026294459155522403,jebel_dhanna
2026-07-31,4.683979852532136,0.0,0.488300921138606,-0.488300921138606,-0.488300921138606,-0.043462815292849885,0.0,-0.043462815292849885,jebel_dhanna
2026-08-01,4.683979852532136,0.0,0.0,-0.0,-0.0,0.04383374391237181,0.0,0.04383374391237181,jebel_dhanna
2026-08-02,4.683979852532136,0.0,0.0,-0.0,-0.0,0.04383374391237181,0.0,0.04383374391237181,jebel_dhanna
2026-08-03,4.207746993522181,0.0,-0.47623285900995516,0.47623285900995516,0.47623285900995516,0.11186700948522255,0.0,0.11186700948522255,jebel_dhanna
2026-08-04,4.207746993522181,0.0,0.0,-0.0,-0.0,-0.0017240088755215513,0.0,-0.0017240088755215513,jebel_dhanna
2026-08-05,4.207746993522181,0.0,0.0,-0.0,-0.0,-0.0017240088755215513,0.0,-0.0017240088755215513,jebel_dhanna
2026-08-06,3.083767489358961,0.0,-1.1239795041632203,1.1239795041632203,1.1239795041632203,0.1588444917192242,0.0,0.1588444917192242,jebel_dhanna
2026-08-07,3.083767489358961,0.0,0.0,-0.0,-0.0,0.2286017661675965,0.0,0.2286017661675965,jebel_dhanna
2026-08-08,3.083767489358961,0.0,0.0,-0.0,-0.0,0.2286017661675965,0.0,0.2286017661675965,jebel_dhanna
2026-08-09,3.2490445909440933,0.0,0.16527710158513242,-0.16527710158513242,-0.16527710158513242,0.20499075165543473,0.0,0.20499075165543473,jebel_dhanna
2026-08-10,3.2490445909440933,0.0,0.0,-0.0,-0.0,0.13695748608258398,0.0,0.13695748608258398,jebel_dhanna
2026-08-11,3.2490445909440933,0.0,0.0,-0.0,-0.0,0.13695748608258398,0.0,0.13695748608258398,jebel_dhanna
2026-08-12,3.3367773761189867,0.0,0.08773278517489347,-0.08773278517489347,-0.08773278517489347,0.12442423105759921,0.0,0.12442423105759921,jebel_dhanna
2026-08-13,3.3367773761189867,0.0,0.0,-0.0,-0.0,-0.036144269537146556,0.0,-0.036144269537146556,jebel_dhanna
2026-06-17,4.207532569204271,0.0,,,,,0.0,,khafji
2026-06-18,4.207532569204271,0.0,0.0,-0.0,-0.0,-0.0,0.0,-0.0,khafji
2026-06-19,4.328150870933563,0.0,0.12061830172929255,-0.12061830172929255,-0.12061830172929255,-0.06030915086464628,0.0,-0.06030915086464628,khafji
2026-06-20,4.328150870933563,0.0,0.0,-0.0,-0.0,-0.04020610057643085,0.0,-0.04020610057643085,khafji
2026-06-21,4.328150870933563,0.0,0.0,-0.0,-0.0,-0.03015457543232314,0.0,-0.03015457543232314,khafji
2026-06-22,4.328150870933563,0.0,0.0,-0.0,-0.0,-0.02412366034585851,0.0,-0.02412366034585851,khafji
2026-06-23,4.247706726530487,0.0,-0.08044414440307612,0.08044414440307612,0.08044414440307612,-0.006695692887702738,0.0,-0.006695692887702738,khafji
2026-06-24,4.247706726530487,0.0,0.0,-0.0,-0.0,-0.005739165332316633,0.0,-0.005739165332316633,khafji
2026-06-25,4.247706726530487,0.0,0.0,-0.0,-0.0,-0.005739165332316633,0.0,-0.005739165332316633,khafji
2026-06-26,4.247706726530487,0.0,0.0,-0.0,-0.0,0.011492020629010875,0.0,0.011492020629010875,khafji
2026-06-27,4.247706726530487,0.0,0.0,-0.0,-0.0,0.011492020629010875,0.0,0.011492020629010875,khafji
2026-06-28,4.1584485799678745,0.0,-0.08925814656261277,0.08925814656261277,0.08925814656261277,0.024243184423669843,0.0,0.024243184423669843,khafji
2026-06-29,4.235464592446741,0.0,0.07701601247886636,-0.07701601247886636,-0.07701601247886636,0.013240896926688934,0.0,0.013240896926688934,khafji
2026-06-30,4.235464592446741,0.0,0.0,-0.0,-0.0,0.0017488762976780592,0.0,0.0017488762976780592,khafji
2026-07-01,4.235464592446741,0.0,0.0,-0.0,-0.0,0.0017488762976780592,0.0,0.0017488762976780592,khafji
2026-07-02,4.235464592446741,0.0,0.0,-0.0,-0.0,0.0017488762976780592,0.0,0.0017488762976780592,khafji
2026-07-03,4.235464592446741,0.0,0.0,-0.0,-0.0,0.0017488762976780592,0.0,0.0017488762976780592,khafji
2026-07-04,4.235464592446741,0.0,0.0,-0.0,-0.0,0.0017488762976780592,0.0,0.0017488762976780592,khafji
2026-07-05,4.224881109688707,0.0,-0.010583482758034002,0.010583482758034002,0.010583482758034002,-0.009490361388690336,0.0,-0.009490361388690336,khafji
2026-07-06,4.224881109688707,0.0,0.0,-0.0,-0.0,0.0015119261082905716,0.0,0.0015119261082905716,khafji
2026-07-07,4.224881109688707,0.0,0.0,-0.0,-0.0,0.0015119261082905716,0.0,0.0015119261082905716,khafji
2026-07-08,4.224881109688707,0.0,0.0,-0.0,-0.0,0.0015119261082905716,0.0,0.0015119261082905716,khafji
2026-07-09,4.224881109688707,0.0,0.0,-0.0,-0.0,0.0015119261082905716,0.0,0.0015119261082905716,khafji
2026-07-10,4.224881109688707,0.0,0.0,-0.0,-0.0,0.0015119261082905716,0.0,0.0015119261082905716,khafji
2026-07-11,4.19748323535891,0.0,-0.02739787432979668,0.02739787432979668,0.02739787432979668,0.005425908155404383,0.0,0.005425908155404383,khafji
2026-07-12,4.19748323535891,0.0,0.0,-0.0,-0.0,0.003913982047113811,0.0,0.003913982047113811,khafji
2026-07-13,4.19748323535891,0.0,0.0,-0.0,-0.0,0.003913982047113811,0.0,0.003913982047113811,khafji
2026-07-14,4.425218547049694,0.0,0.22773531169078343,-0.22773531169078343,-0.22773531169078343,-0.028619633908712392,0.0,-0.028619633908712392,khafji
2026-07-15,4.425218547049694,0.0,0.0,-0.0,-0.0,-0.028619633908712392,0.0,-0.028619633908712392,khafji
2026-07-16,4.425218547049694,0.0,0.0,-0.0,-0.0,-0.028619633908712392,0.0,-0.028619633908712392,khafji
2026-07-17,4.240463891476174,0.00894,-0.18475465557351978,0.18475465557351978,0.17581465557351977,-0.0035032545410667104,0.0012771428571428571,-0.002226111683923853,khafji
2026-07-18,4.240463891476174,0.0,0.0,-0.0,-0.0,-0.0074172365881805214,0.0012771428571428571,-0.0061400937310376645,khafji
2026-07-19,4.240463891476174,0.0,0.0,-0.0,-0.0,-0.0074172365881805214,0.0012771428571428571,-0.0061400937310376645,khafji
2026-07-20,4.240463891476174,0.0,0.0,-0.0,-0.0,-0.0074172365881805214,0.0012771428571428571,-0.0061400937310376645,khafji
2026-07-21,4.240463891476174,0.0,0.0,-0.0,-0.0,0.025116379367645682,0.0012771428571428571,0.02639352222478854,khafji
2026-07-22,4.240463891476174,0.0,0.0,-0.0,-0.0,0.025116379367645682,0.0012771428571428571,0.02639352222478854,khafji
2026-07-23,4.181176908058424,0.0,-0.05928698341775007,0.05928698341775007,0.05928698341775007,0.033585948427324264,0.0012771428571428571,0.03486309128446712,khafji
2026-07-24,4.181176908058424,0.0,0.0,-0.0,-0.0,0.008469569059678581,0.0,0.008469569059678581,khafji
2026-07-25,4.181176908058424,0.0,0.0,-0.0,-0.0,0.008469569059678581,0.0,0.008469569059678581,khafji
2026-07-26,4.473647852068713,0.0,0.2924709440102893,-0.2924709440102893,-0.2924709440102893,-0.033311994370362745,0.0,-0.033311994370362745,khafji
2026-07-27,4.473647852068713,0.0,0.0,-0.0,-0.0,-0.033311994370362745,0.0,-0.033311994370362745,khafji
2026-07-28,4.473647852068713,0.0,0.0,-0.0,-0.0,-0.033311994370362745,0.0,-0.033311994370362745,khafji
2026-07-29,4.163226228840184,0.0,-0.31042162322852906,0.31042162322852906,0.31042162322852906,0.011033951805141409,0.0,0.011033951805141409,khafji
2026-07-30,4.163226228840184,0.0,0.0,-0.0,-0.0,0.0025643827454628265,0.0,0.0025643827454628265,khafji
2026-07-31,4.163226228840184,0.0,0.0,-0.0,-0.0,0.0025643827454628265,0.0,0.0025643827454628265,khafji
2026-08-01,4.163226228840184,0.0,0.0,-0.0,-0.0,0.0025643827454628265,0.0,0.0025643827454628265,khafji
2026-08-02,4.163226228840184,0.0,0.0,-0.0,-0.0,0.04434594617550415,0.0,0.04434594617550415,khafji
2026-08-03,4.163226228840184,0.0,0.0,-0.0,-0.0,0.04434594617550415,0.0,0.04434594617550415,khafji
2026-08-04,4.3524452294422495,0.0,0.18921900060206553,-0.18921900060206553,-0.18921900060206553,0.017314660375209075,0.0,0.017314660375209075,khafji
2026-08-05,4.3524452294422495,0.0,0.0,-0.0,-0.0,-0.027031285800295075,0.0,-0.027031285800295075,khafji
2026-08-06,4.3524452294422495,0.0,0.0,-0.0,-0.0,-0.027031285800295075,0.0,-0.027031285800295075,khafji
2026-08-07,4.62985559813854,0.0,0.2774103686962901,-0.2774103686962901,-0.2774103686962901,-0.06666133847119367,0.0,-0.06666133847119367,khafji
2026-08-08,4.62985559813854,0.0,0.0,-0.0,-0.0,-0.06666133847119367,0.0,-0.06666133847119367,khafji
2026-08-09,4.62985559813854,0.0,0.0,-0.0,-0.0,-0.06666133847119367,0.0,-0.06666133847119367,khafji
2026-08-10,4.322035310165065,0.0,-0.3078202879734748,0.3078202879734748,0.3078202879734748,-0.022687011617840116,0.0,-0.022687011617840116,khafji
2026-08-11,4.322035310165065,0.0,0.0,-0.0,-0.0,0.004344274182454961,0.0,0.004344274182454961,khafji
2026-08-12,4.322035310165065,0.0,0.0,-0.0,-0.0,0.004344274182454961,0.0,0.004344274182454961,khafji
2026-08-13,4.322035310165065,0.0,0.0,-0.0,-0.0,0.004344274182454961,0.0,0.004344274182454961,khafji
2026-06-17,4.963859608201105,0.0,,,,,0.0,,das
2026-06-18,4.916802374699347,0.0,-0.047057233501758056,0.047057233501758056,0.047057233501758056,0.047057233501758056,0.0,0.047057233501758056,das
2026-06-19,4.916802374699347,2.0091900000000003,0.0,-0.0,-2.0091900000000003,-0.9810663832491211,0.66973,0.023528616750879028,das
2026-06-20,4.916802374699347,0.0,0.0,-0.0,-0.0,-0.654044255499414,0.5022975000000001,0.01568574450058602,das
2026-06-21,2.981923360601932,0.0,-1.9348790140974148,1.9348790140974148,1.9348790140974148,-0.006813438100206848,0.40183800000000003,0.4954840618997932,das
2026-06-22,2.981923360601932,0.0,0.0,-0.0,-0.0,-0.005450750480165478,0.334865,0.39638724951983456,das
2026-06-23,2.981923360601932,2.0027,0.0,-0.0,-2.0027,-0.3383256254001379,0.5731271428571428,0.33032270793319546,das
2026-06-24,2.981923360601932,0.0,0.0,-0.0,-0.0,-0.2899933932001182,0.5731271428571428,0.2831337496570247,das
2026-06-25,2.780611338101361,0.0,-0.2013120225005709,0.2013120225005709,0.2013120225005709,-0.26795699477171636,0.5731271428571428,0.30517014808542653,das
2026-06-26,2.780611338101361,2.08713,0.0,-0.0,-2.08713,-0.27909128048600207,0.5842614285714286,0.30517014808542653,das
2026-06-27,2.780611338101361,0.0,0.0,-0.0,-0.0,-0.27909128048600207,0.5842614285714286,0.30517014808542653,das
2026-06-28,4.425582439212094,0.0,1.6449711011107326,-1.6449711011107326,-1.6449711011107326,-0.7904984398014516,0.5842614285714286,-0.2062370112300231,das
2026-06-29,4.425582439212094,2.0091900000000003,0.0,-0.0,-2.0091900000000003,-1.0775255826585945,0.8712885714285715,-0.2062370112300231,das
2026-06-30,4.425582439212094,2.0,0.0,-0.0,-2.0,-1.0771398683728803,0.8709028571428572,-0.2062370112300231,das
2026-07-01,3.193202622836149,0.0,-1.2323798163759445,1.2323798163759445,1.2323798163759445,-0.9010856088906026,0.8709028571428572,-0.030182751747745318,das
2026-07-02,3.193202622836149,0.0,0.0,-0.0,-0.0,-0.9298444692478268,0.8709028571428572,-0.05894161210496973,das
2026-07-03,3.193202622836149,2.0994099999999998,0.0,-0.0,-2.0994099999999998,-0.9315987549621126,0.8726571428571429,-0.05894161210496973,das
2026-07-04,2.9968965020847924,0.0,-0.19630612075135678,0.19630612075135678,0.19630612075135678,-0.9035550234262045,0.8726571428571429,-0.03089788056906162,das
2026-07-05,2.9968965020847924,2.0715100000000004,0.0,-0.0,-2.0715100000000004,-0.964489151838957,1.168587142857143,0.2040979910181859,das
2026-07-06,2.9968965020847924,0.0,0.0,-0.0,-0.0,-0.6774620089818141,0.8815600000000001,0.2040979910181859,das
2026-07-07,3.7390726409063535,0.0,0.7421761388215611,-0.7421761388215611,-0.7421761388215611,-0.49777288595632285,0.5958457142857144,0.09807282832939146,das
2026-07-08,3.7390726409063535,0.0,0.0,-0.0,-0.0,-0.6738271454386007,0.5958457142857144,-0.07798143115288633,das
2026-07-09,3.7390726409063535,0.0,0.0,-0.0,-0.0,-0.6738271454386007,0.5958457142857144,-0.07798143115288633,das
2026-07-10,5.338969976117641,0.0,1.599897335211287,-1.599897335211287,-1.599897335211287,-0.6024681933259275,0.2959300000000001,-0.30653819332592736,das
2026-07-11,5.338969976117641,1.79681,0.0,-0.0,-1.79681,-0.8871990677189785,0.5526171428571429,-0.33458192486183547,das
2026-07-12,5.338969976117641,0.0,0.0,-0.0,-0.0,-0.5912690677189784,0.25668714285714284,-0.33458192486183547,das
2026-07-13,3.976651544353712,0.0,-1.3623184317639287,1.3623184317639287,1.3623184317639287,-0.39665214889555994,0.25668714285714284,-0.13996500603841705,das
2026-07-14,3.976651544353712,0.0,0.0,-0.0,-0.0,-0.2906269862067655,0.25668714285714284,-0.03393984334962262,das
2026-07-15,3.976651544353712,0.0,0.0,-0.0,-0.0,-0.2906269862067655,0.25668714285714284,-0.03393984334962262,das
2026-07-16,5.133108418545844,0.0,1.1564568741921324,-1.1564568741921324,-1.1564568741921324,-0.4558351110913558,0.25668714285714284,-0.19914796823421296,das
2026-07-17,5.133108418545844,0.0,0.0,-0.0,-0.0,-0.2272783489183148,0.25668714285714284,0.029408793938828053,das
2026-07-18,5.133108418545844,0.0,0.0,-0.0,-0.0,0.029408793938828053,0.0,0.029408793938828053,das
2026-07-19,5.9454560047713985,0.0,0.8123475862255543,-0.8123475862255543,-0.8123475862255543,-0.08664086123625113,0.0,-0.08664086123625113,das
2026-07-20,5.9454560047713985,0.0,0.0,-0.0,-0.0,-0.2812577800596695,0.0,-0.2812577800596695,das
2026-07-21,5.9454560047713985,0.0,0.0,-0.0,-0.0,-0.2812577800596695,0.0,-0.2812577800596695,das
2026-07-22,4.992001862533239,0.0,-0.9534541422381597,0.9534541422381597,0.9534541422381597,-0.14505004545421812,0.0,-0.14505004545421812,das
2026-07-23,4.992001862533239,0.0,0.0,-0.0,-0.0,0.02015807943037221,0.0,0.02015807943037221,das
2026-07-24,4.992001862533239,0.0,0.0,-0.0,-0.0,0.02015807943037221,0.0,0.02015807943037221,das
2026-07-25,4.147815175023913,0.0,-0.8441866875093256,0.8441866875093256,0.8441866875093256,0.14075617764599016,0.0,0.14075617764599016,das
2026-07-26,4.147815175023913,0.0,0.0,-0.0,-0.0,0.25680583282106934,0.0,0.25680583282106934,das
2026-07-27,4.147815175023913,0.0,0.0,-0.0,-0.0,0.25680583282106934,0.0,0.25680583282106934,das
2026-07-28,4.2478130559545475,0.0,0.09999788093063433,-0.09999788093063433,-0.09999788093063433,0.24252042125955015,0.0,0.24252042125955015,das
2026-07-29,4.2478130559545475,0.0,0.0,-0.0,-0.0,0.10631268665409875,0.0,0.10631268665409875,das
2026-07-30,4.2478130559545475,1.9868299999999999,0.0,-0.0,-1.9868299999999999,-0.17752017048875837,0.2838328571428571,0.10631268665409875,das
2026-07-31,3.5770001692094566,0.0,-0.6708128867450909,0.6708128867450909,0.6708128867450909,-0.08168975809660253,0.2838328571428571,0.20214309904625458,das
2026-08-01,3.5770001692094566,3.99,0.0,-0.0,-3.99,-0.7722878563122205,0.8538328571428571,0.08154500083063665,das
2026-08-02,3.5770001692094566,0.0,0.0,-0.0,-0.0,-0.7722878563122205,0.8538328571428571,0.08154500083063665,das
2026-08-03,2.8856538983378166,0.0,-0.69134627087164,0.69134627087164,0.69134627087164,-0.6735241033305577,0.8538328571428571,0.18030875381229952,das
2026-08-04,2.8856538983378166,1.9964600000000001,0.0,-0.0,-1.9964600000000001,-0.9444472631976099,1.1390414285714285,0.1945941653738187,das
2026-08-05,2.8856538983378166,0.0,0.0,-0.0,-0.0,-0.9444472631976099,1.1390414285714285,0.1945941653738187,das
2026-08-06,3.5384618704766204,0.0,0.6528079721388038,-0.6528079721388038,-0.6528079721388038,-0.7538726877888676,0.8552085714285715,0.10133588363970387,das
2026-08-07,3.5384618704766204,0.0,0.0,-0.0,-0.0,-0.8497031001810235,0.8552085714285715,0.0055054712475480294,das
2026-08-08,3.5384618704766204,0.0,0.0,-0.0,-0.0,-0.2797031001810234,0.2852085714285714,0.0055054712475480294,das
2026-08-09,4.46511695271064,1.9964300000000001,0.9266550822340198,-0.9266550822340198,-2.92308508223402,-0.697286683357312,0.5704128571428572,-0.1268738262144548,das
2026-08-10,4.46511695271064,0.0,0.0,-0.0,-0.0,-0.7960504363389749,0.5704128571428572,-0.22563757919611765,das
2026-08-11,4.46511695271064,0.0,0.0,-0.0,-0.0,-0.5108418649104035,0.28520428571428574,-0.22563757919611765,das
2026-08-12,5.279613657654358,0.0,0.8144967049437177,-0.8144967049437177,-0.8144967049437177,-0.6271985370452203,0.28520428571428574,-0.3419942513309345,das
2026-08-13,5.279613657654358,0.0,0.0,-0.0,-0.0,-0.5339402553111053,0.28520428571428574,-0.24873596959681965,das
2026-06-17,3.110324595787715,0.0,,,,,0.0,,zirku
2026-06-18,6.922727994919379,0.0,3.812403399131664,-3.812403399131664,-3.812403399131664,-3.812403399131664,0.0,-3.812403399131664,zirku
2026-06-19,6.922727994919379,0.0,0.0,-0.0,-0.0,-1.906201699565832,0.0,-1.906201699565832,zirku
2026-06-20,6.922727994919379,1.9868299999999999,0.0,-0.0,-1.9868299999999999,-1.9330777997105546,0.49670749999999997,-1.270801133043888,zirku
2026-06-21,4.467355061083778,0.0,-2.4553729338356014,2.4553729338356014,2.4553729338356014,-0.8359651163240156,0.397366,-0.33925761632401563,zirku
2026-06-22,4.467355061083778,1.99066,0.0,-0.0,-1.99066,-1.0669040930592124,0.662915,-0.2714060930592125,zirku
2026-06-23,4.467355061083778,0.0,0.0,-0.0,-0.0,-0.8890867442160104,0.5682128571428572,-0.2261717442160104,zirku
2026-06-24,4.467355061083778,1.9,0.0,-0.0,-1.9,-1.0335029236137232,0.8396414285714285,-0.19386149504229463,zirku
2026-06-25,4.905753714029867,0.0,0.4383986529460895,-0.4383986529460895,-0.4383986529460895,-0.5515022455872126,0.8396414285714285,0.288139182984216,zirku
2026-06-26,4.905753714029867,2.12013,0.0,-0.0,-2.12013,-0.8543779598729268,1.1425171428571428,0.288139182984216,zirku
2026-06-27,4.905753714029867,0.0,0.0,-0.0,-0.0,-0.5705451027300698,0.8586842857142857,0.288139182984216,zirku
2026-06-28,5.122713452152503,0.0,0.21695973812263603,-0.21695973812263603,-0.21695973812263603,-0.952306913009818,0.8586842857142857,-0.09362262729553221,zirku
2026-06-29,5.122713452152503,0.0,0.0,-0.0,-0.0,-0.6679269130098179,0.5743042857142857,-0.09362262729553221,zirku
2026-06-30,5.122713452152503,1.9868299999999999,0.0,-0.0,-1.9868299999999999,-0.951759770152675,0.8581371428571429,-0.09362262729553221,zirku
2026-07-01,5.553734823543525,3.99916,0.43102137139102226,-0.43102137139102226,-4.430181371391022,-1.3132142517799639,1.1580171428571429,-0.1551971089228211,zirku
2026-07-02,5.553734823543525,0.0,0.0,-0.0,-0.0,-1.2505858727876653,1.1580171428571429,-0.0925687299305226,zirku
2026-07-03,5.553734823543525,0.0,0.0,-0.0,-0.0,-0.9477101585019511,0.8551414285714286,-0.0925687299305226,zirku
2026-07-04,4.423572737355934,0.0,-1.1301620861875916,1.1301620861875916,1.1301620861875916,-0.7862584319037237,0.8551414285714285,0.06888299666770477,zirku
2026-07-05,4.423572737355934,1.9964300000000001,0.0,-0.0,-1.9964300000000001,-1.0404684693147757,1.1403457142857143,0.09987724497093849,zirku
2026-07-06,4.423572737355934,0.0,0.0,-0.0,-0.0,-1.0404684693147757,1.1403457142857143,0.09987724497093849,zirku
2026-07-07,4.626261842351431,2.0,0.20268910499549708,-0.20268910499549708,-2.202689104995497,-1.0713054843141323,1.1422271428571429,0.07092165854301033,zirku
2026-07-08,4.626261842351431,0.0,0.0,-0.0,-0.0,-0.4384224312582721,0.5709185714285715,0.13249614017029923,zirku
2026-07-09,4.626261842351431,0.0,0.0,-0.0,-0.0,-0.4384224312582721,0.5709185714285715,0.13249614017029923,zirku
2026-07-10,6.923277846690484,0.0,2.297016004339053,-2.297016004339053,-2.297016004339053,-0.7665675747352797,0.5709185714285715,-0.19564900330670834,zirku
2026-07-11,6.923277846690484,2.0,0.0,-0.0,-2.0,-1.2137335870477928,0.8566328571428572,-0.3571007299049357,zirku
2026-07-12,6.923277846690484,0.0,0.0,-0.0,-0.0,-0.928529301333507,0.5714285714285714,-0.3571007299049357,zirku
2026-07-13,3.7671254394324527,0.0,-3.156152407258031,3.156152407258031,3.156152407258031,-0.4776503860109312,0.5714285714285714,0.09377818541764014,zirku
2026-07-14,3.7671254394324527,0.0,0.0,-0.0,-0.0,-0.16298051386871729,0.2857142857142857,0.1227337718455683,zirku
2026-07-15,3.7671254394324527,1.9964300000000001,0.0,-0.0,-1.9964300000000001,-0.448184799583003,0.5709185714285715,0.1227337718455683,zirku
2026-07-16,4.446674205685615,0.60376,0.6795487662531623,-0.6795487662531623,-1.2833087662531621,-0.6315146233334546,0.65717,0.02565537666654511,zirku
2026-07-17,4.446674205685615,0.0,0.0,-0.0,-0.0,-0.3033694798564472,0.65717,0.3538005201435527,zirku
2026-07-18,4.446674205685615,0.0,0.0,-0.0,-0.0,-0.017655194142161497,0.3714557142857143,0.3538005201435527,zirku
2026-07-19,4.628501795913572,0.0,0.18182759022795736,-0.18182759022795736,-0.18182759022795736,-0.043630564174726834,0.3714557142857143,0.32782515011098734,zirku
2026-07-20,4.628501795913572,0.0,0.0,-0.0,-0.0,-0.4945094794973027,0.3714557142857143,-0.12305376521158852,zirku
2026-07-21,4.628501795913572,0.0,0.0,-0.0,-0.0,-0.4945094794973027,0.3714557142857143,-0.12305376521158852,zirku
2026-07-22,6.258975940944721,0.0,1.6304741450311484,-1.6304741450311484,-1.6304741450311484,-0.4422300716446096,0.08625142857142856,-0.35597864307318117,zirku
2026-07-23,6.258975940944721,0.0,0.0,-0.0,-0.0,-0.25890024789415783,0.0,-0.25890024789415794,zirku
2026-07-24,6.258975940944721,1.79908,0.0,-0.0,-1.79908,-0.5159116764655864,0.25701142857142856,-0.25890024789415794,zirku
2026-07-25,6.7775596950704475,2.0,0.5185837541257268,-0.5185837541257268,-2.5185837541257268,-0.8757093556264045,0.5427257142857143,-0.33298364134069036,zirku
2026-07-26,6.7775596950704475,0.0,0.0,-0.0,-0.0,-0.8497339855938392,0.5427257142857143,-0.307008271308125,zirku
2026-07-27,6.7775596950704475,0.0,0.0,-0.0,-0.0,-0.8497339855938392,0.5427257142857143,-0.307008271308125,zirku
2026-07-28,5.944986981766564,0.0,-0.8325727133038834,0.8325727133038834,0.8325727133038834,-0.7307950265504273,0.5427257142857143,-0.1880693122647131,zirku
2026-07-29,5.944986981766564,0.0,0.0,-0.0,-0.0,-0.49787014868883467,0.5427257142857143,0.04485556559687952,zirku
2026-07-30,5.944986981766564,0.0,0.0,-0.0,-0.0,-0.49787014868883467,0.5427257142857143,0.04485556559687952,zirku
2026-07-31,6.997400026190537,2.0,1.0524130444239725,-1.0524130444239725,-3.0524130444239725,-0.6769177264636879,0.5714285714285714,-0.10548915503511656,zirku
2026-08-01,6.997400026190537,3.996,0.0,-0.0,-3.996,-0.8879771901600125,0.8565714285714287,-0.031405761588584165,zirku
2026-08-02,6.997400026190537,0.0,0.0,-0.0,-0.0,-0.8879771901600125,0.8565714285714287,-0.031405761588584165,zirku
2026-08-03,4.667696104532979,0.0,-2.3297039216575577,2.3297039216575577,2.3297039216575577,-0.555162344208933,0.8565714285714287,0.3014090843624955,zirku
2026-08-04,4.667696104532979,1.04356,0.0,-0.0,-1.04356,-0.823181303252345,1.0056514285714286,0.1824701253190836,zirku
2026-08-05,4.667696104532979,0.0,0.0,-0.0,-0.0,-0.8231813032523448,1.0056514285714286,0.1824701253190836,zirku
2026-08-06,4.551805964890825,0.0,-0.11589013964215411,0.11589013964215411,0.11589013964215411,-0.8066255690177514,1.0056514285714286,0.19902585955367705,zirku
2026-08-07,4.551805964890825,0.0,0.0,-0.0,-0.0,-0.3705665626714696,0.7199371428571428,0.34937058018567313,zirku
2026-08-08,4.551805964890825,3.0304,0.0,-0.0,-3.0304,-0.23262370552861247,0.5819942857142857,0.34937058018567313,zirku
2026-08-09,4.874236219559119,0.0,0.3224302546682942,-0.3224302546682942,-0.3224302546682942,-0.27868517048122593,0.5819942857142857,0.30330911523305965,zirku
2026-08-10,4.874236219559119,0.0,0.0,-0.0,-0.0,-0.6115000164323057,0.5819942857142857,-0.029505730718020016,zirku
2026-08-11,4.874236219559119,0.0,0.0,-0.0,-0.0,-0.4624200164323056,0.4329142857142857,-0.029505730718020016,zirku
2026-08-12,7.1061072053445,0.0,2.231870985785381,-2.231870985785381,-2.231870985785381,-0.7812587286873601,0.43291428571428575,-0.3483444429730745,zirku
2026-08-13,7.1061072053445,0.0,0.0,-0.0,-0.0,-0.7978144629219536,0.43291428571428575,-0.36490017720766793,zirku
2026-06-17,2.1065682836037243,0.0,,,,,0.0,,halul
2026-06-18,2.2689664645835697,0.0,0.16239818097984537,-0.16239818097984537,-0.16239818097984537,-0.16239818097984537,0.0,-0.16239818097984537,halul
2026-06-19,2.2689664645835697,0.0,0.0,-0.0,-0.0,-0.08119909048992269,0.0,-0.08119909048992269,halul
2026-06-20,2.2689664645835697,0.0,0.0,-0.0,-0.0,-0.05413272699328179,0.0,-0.05413272699328179,halul
2026-06-21,2.2689664645835697,0.0,0.0,-0.0,-0.0,-0.040599545244961344,0.0,-0.040599545244961344,halul
2026-06-22,2.2689664645835697,0.0,0.0,-0.0,-0.0,-0.032479636195969074,0.0,-0.032479636195969074,halul
2026-06-23,2.2689664645835697,0.0,0.0,-0.0,-0.0,-0.027066363496640895,0.0,-0.027066363496640895,halul
2026-06-24,2.2689664645835697,0.0,0.0,-0.0,-0.0,-0.02319974013997791,0.0,-0.02319974013997791,halul
2026-06-25,3.0765521712098787,0.0,0.807585706626309,-0.807585706626309,-0.807585706626309,-0.11536938666090128,0.0,-0.11536938666090128,halul
2026-06-26,3.0765521712098787,0.0,0.0,-0.0,-0.0,-0.11536938666090128,0.0,-0.11536938666090128,halul
2026-06-27,3.0765521712098787,0.0,0.0,-0.0,-0.0,-0.11536938666090128,0.0,-0.11536938666090128,halul
2026-06-28,3.0765521712098787,0.0,0.0,-0.0,-0.0,-0.11536938666090128,0.0,-0.11536938666090128,halul
2026-06-29,3.0765521712098787,1.8,0.0,-0.0,-1.8,-0.3725122438037584,0.2571428571428572,-0.11536938666090128,halul
2026-06-30,3.0765521712098787,0.0,0.0,-0.0,-0.0,-0.3725122438037584,0.2571428571428572,-0.11536938666090128,halul
2026-07-01,2.5101795740993005,0.0,-0.5663725971105782,0.5663725971105782,0.5663725971105782,-0.2916018727879615,0.2571428571428572,-0.0344590156451044,halul
2026-07-02,2.5101795740993005,0.0,0.0,-0.0,-0.0,-0.17623248612706027,0.2571428571428572,0.08091037101579689,halul
2026-07-03,2.5101795740993005,0.0,0.0,-0.0,-0.0,-0.17623248612706027,0.2571428571428572,0.08091037101579689,halul
2026-07-04,2.5101795740993005,0.0,0.0,-0.0,-0.0,-0.17623248612706027,0.2571428571428572,0.08091037101579689,halul
2026-07-05,2.5101795740993005,0.0,0.0,-0.0,-0.0,-0.17623248612706027,0.2571428571428572,0.08091037101579689,halul
2026-07-06,2.5101795740993005,0.0,0.0,-0.0,-0.0,0.08091037101579689,0.0,0.08091037101579689,halul
2026-07-07,3.219047148538939,0.0,0.7088675744396387,-0.7088675744396387,-0.7088675744396387,-0.020356425332722923,0.0,-0.020356425332722923,halul
2026-07-08,3.219047148538939,0.0,0.0,-0.0,-0.0,-0.1012667963485198,0.0,-0.1012667963485198,halul
2026-07-09,3.219047148538939,0.0,0.0,-0.0,-0.0,-0.1012667963485198,0.0,-0.1012667963485198,halul
2026-07-10,3.219047148538939,1.0386,0.0,-0.0,-1.0386,-0.2496382249199484,0.14837142857142857,-0.1012667963485198,halul
2026-07-11,3.219047148538939,0.0,0.0,-0.0,-0.0,-0.2496382249199484,0.14837142857142857,-0.1012667963485198,halul
2026-07-12,3.219047148538939,0.0,0.0,-0.0,-0.0,-0.2496382249199484,0.14837142857142857,-0.1012667963485198,halul
2026-07-13,2.8808962956013215,0.0,-0.3381508529376176,0.3381508529376176,0.3381508529376176,-0.20133096021457444,0.14837142857142857,-0.05295953164314587,halul
2026-07-14,2.8808962956013215,0.0,0.0,-0.0,-0.0,-0.10006416386605463,0.14837142857142857,0.04830726470537394,halul
2026-07-15,2.8808962956013215,0.0,0.0,-0.0,-0.0,-0.10006416386605463,0.14837142857142857,0.04830726470537394,halul
2026-07-16,2.8808962956013215,1.024,0.0,-0.0,-1.024,-0.24634987815176893,0.29465714285714284,0.04830726470537394,halul
2026-07-17,2.8808962956013215,0.0,0.0,-0.0,-0.0,-0.09797844958034034,0.1462857142857143,0.04830726470537394,halul
2026-07-18,2.8808962956013215,0.0,0.0,-0.0,-0.0,-0.09797844958034034,0.1462857142857143,0.04830726470537394,halul
2026-07-19,2.609807798609741,0.0,-0.27108849699158055,0.27108849699158055,0.27108849699158055,-0.059251521438685985,0.1462857142857143,0.0870341928470283,halul
2026-07-20,2.609807798609741,0.0,0.0,-0.0,-0.0,-0.10755878614405992,0.1462857142857143,0.03872692814165436,halul
2026-07-21,2.609807798609741,0.0,0.0,-0.0,-0.0,-0.10755878614405992,0.1462857142857143,0.03872692814165436,halul
2026-07-22,2.609807798609741,0.0,0.0,-0.0,-0.0,-0.10755878614405992,0.1462857142857143,0.03872692814165436,halul
2026-07-23,2.609807798609741,0.0,0.0,-0.0,-0.0,0.03872692814165436,0.0,0.03872692814165436,halul
2026-07-24,2.609807798609741,0.0,0.0,-0.0,-0.0,0.03872692814165436,0.0,0.03872692814165436,halul
2026-07-25,2.165377759411096,0.0,-0.4444300391986449,0.4444300391986449,0.4444300391986449,0.10221693374146078,0.0,0.10221693374146078,halul
2026-07-26,2.165377759411096,0.0,0.0,-0.0,-0.0,0.06349000559980642,0.0,0.06349000559980642,halul
2026-07-27,2.165377759411096,0.0,0.0,-0.0,-0.0,0.06349000559980642,0.0,0.06349000559980642,halul
2026-07-28,2.165377759411096,0.0,0.0,-0.0,-0.0,0.06349000559980642,0.0,0.06349000559980642,halul
2026-07-29,2.165377759411096,1.31453,0.0,-0.0,-1.31453,-0.12429999440019358,0.18778999999999998,0.06349000559980642,halul
2026-07-30,2.165377759411096,0.0,0.0,-0.0,-0.0,-0.12429999440019358,0.18778999999999998,0.06349000559980642,halul
2026-07-31,1.7448121727126171,0.0,-0.420565586698479,0.420565586698479,0.420565586698479,-0.06421919630041087,0.18778999999999998,0.12357080369958913,halul
2026-08-01,1.7448121727126171,0.0,0.0,-0.0,-0.0,-0.12770920190021728,0.18778999999999998,0.060080798099782715,halul
2026-08-02,1.7448121727126171,0.0,0.0,-0.0,-0.0,-0.12770920190021728,0.18778999999999998,0.060080798099782715,halul
2026-08-03,1.7448121727126171,0.0,0.0,-0.0,-0.0,-0.12770920190021728,0.18778999999999998,0.060080798099782715,halul
2026-08-04,1.7448121727126171,0.0,0.0,-0.0,-0.0,-0.12770920190021728,0.18778999999999998,0.060080798099782715,halul
2026-08-05,1.7448121727126171,0.0,0.0,-0.0,-0.0,0.060080798099782715,0.0,0.060080798099782715,halul
2026-08-06,2.5430731926547736,0.0,0.7982610199421565,-0.7982610199421565,-0.7982610199421565,-0.0539564904633825,0.0,-0.0539564904633825,halul
2026-08-07,2.5430731926547736,0.0,0.0,-0.0,-0.0,-0.11403728856316521,0.0,-0.11403728856316521,halul
2026-08-08,2.5430731926547736,0.0,0.0,-0.0,-0.0,-0.11403728856316521,0.0,-0.11403728856316521,halul
2026-08-09,2.5430731926547736,0.0,0.0,-0.0,-0.0,-0.11403728856316521,0.0,-0.11403728856316521,halul
2026-08-10,2.5430731926547736,0.0,0.0,-0.0,-0.0,-0.11403728856316521,0.0,-0.11403728856316521,halul
2026-08-11,2.5430731926547736,0.0,0.0,-0.0,-0.0,-0.11403728856316521,0.0,-0.11403728856316521,halul
2026-08-12,2.96320089565556,0.0,0.4201277030007864,-0.4201277030007864,-0.4201277030007864,-0.17405553184899183,0.0,-0.17405553184899183,halul
2026-08-13,2.96320089565556,1.06765,0.0,-0.0,-1.06765,-0.2125396718572552,0.15252142857142856,-0.060018243285826625,halul
2026-06-17,,0.0,,,,,0.0,,umm_lulu
2026-06-18,,0.0,,,,,0.0,,umm_lulu
2026-06-19,,0.0,,,,,0.0,,umm_lulu
2026-06-20,,0.0,,,,,0.0,,umm_lulu
2026-06-21,,0.0,,,,,0.0,,umm_lulu
2026-06-22,,0.0,,,,,0.0,,umm_lulu
2026-06-23,,0.0,,,,,0.0,,umm_lulu
2026-06-24,,0.0,,,,,0.0,,umm_lulu
2026-06-25,,0.0,,,,,0.0,,umm_lulu
2026-06-26,,0.0,,,,,0.0,,umm_lulu
2026-06-27,,0.0,,,,,0.0,,umm_lulu
2026-06-28,,0.0,,,,,0.0,,umm_lulu
2026-06-29,,0.0,,,,,0.0,,umm_lulu
2026-06-30,,0.0,,,,,0.0,,umm_lulu
2026-07-01,,1.9964600000000001,,,,,0.2852085714285714,,umm_lulu
2026-07-02,,0.0,,,,,0.2852085714285714,,umm_lulu
2026-07-03,,0.0,,,,,0.2852085714285714,,umm_lulu
2026-07-04,,0.0,,,,,0.2852085714285714,,umm_lulu
2026-07-05,,0.0,,,,,0.2852085714285714,,umm_lulu
2026-07-06,,0.0,,,,,0.2852085714285714,,umm_lulu
2026-07-07,,0.0,,,,,0.2852085714285714,,umm_lulu
2026-07-08,,0.0,,,,,0.0,,umm_lulu
2026-07-09,,0.0,,,,,0.0,,umm_lulu
2026-07-10,,0.0,,,,,0.0,,umm_lulu
2026-07-11,,0.0,,,,,0.0,,umm_lulu
2026-07-12,,0.0,,,,,0.0,,umm_lulu
2026-07-13,,0.0,,,,,0.0,,umm_lulu
2026-07-14,,0.0,,,,,0.0,,umm_lulu
2026-07-15,,1.9964300000000001,,,,,0.28520428571428574,,umm_lulu
2026-07-16,,0.0,,,,,0.28520428571428574,,umm_lulu
2026-07-17,,0.0,,,,,0.28520428571428574,,umm_lulu
2026-07-18,,0.0,,,,,0.28520428571428574,,umm_lulu
2026-07-19,,0.0,,,,,0.28520428571428574,,umm_lulu
2026-07-20,,0.0,,,,,0.28520428571428574,,umm_lulu
2026-07-21,,0.0,,,,,0.28520428571428574,,umm_lulu
2026-07-22,,0.0,,,,,0.0,,umm_lulu
2026-07-23,,0.0,,,,,0.0,,umm_lulu
2026-07-24,,1.79908,,,,,0.25701142857142856,,umm_lulu
2026-07-25,,0.0,,,,,0.25701142857142856,,umm_lulu
2026-07-26,,0.0,,,,,0.25701142857142856,,umm_lulu
2026-07-27,,0.0,,,,,0.25701142857142856,,umm_lulu
2026-07-28,,0.0,,,,,0.25701142857142856,,umm_lulu
2026-07-29,,0.0,,,,,0.25701142857142856,,umm_lulu
2026-07-30,,0.0,,,,,0.25701142857142856,,umm_lulu
2026-07-31,,0.0,,,,,0.0,,umm_lulu
2026-08-01,,1.996,,,,,0.28514285714285714,,umm_lulu
2026-08-02,,0.0,,,,,0.28514285714285714,,umm_lulu
2026-08-03,,0.0,,,,,0.28514285714285714,,umm_lulu
2026-08-04,,0.0,,,,,0.28514285714285714,,umm_lulu
2026-08-05,,0.0,,,,,0.28514285714285714,,umm_lulu
2026-08-06,,0.0,,,,,0.28514285714285714,,umm_lulu
2026-08-07,,0.0,,,,,0.28514285714285714,,umm_lulu
2026-08-08,,1.0435699999999999,,,,,0.14908142857142856,,umm_lulu
2026-08-09,,0.0,,,,,0.14908142857142856,,umm_lulu
2026-08-10,,0.0,,,,,0.14908142857142856,,umm_lulu
2026-08-11,,0.0,,,,,0.14908142857142856,,umm_lulu
2026-08-12,,0.0,,,,,0.14908142857142856,,umm_lulu
2026-08-13,,0.0,,,,,0.14908142857142856,,umm_lulu
2026-06-17,,0.0,,,,,0.0,,shaheen
2026-06-18,,0.0,,,,,0.0,,shaheen
2026-06-19,,0.0,,,,,0.0,,shaheen
2026-06-20,,0.0,,,,,0.0,,shaheen
2026-06-21,,0.0,,,,,0.0,,shaheen
2026-06-22,,0.0,,,,,0.0,,shaheen
2026-06-23,,0.81325,,,,,0.11617857142857144,,shaheen
2026-06-24,,0.0,,,,,0.11617857142857144,,shaheen
2026-06-25,,0.0,,,,,0.11617857142857144,,shaheen
2026-06-26,,1.19847,,,,,0.28738857142857144,,shaheen
2026-06-27,,0.0,,,,,0.28738857142857144,,shaheen
2026-06-28,,0.0,,,,,0.28738857142857144,,shaheen
2026-06-29,,0.0,,,,,0.28738857142857144,,shaheen
2026-06-30,,0.0,,,,,0.17121,,shaheen
2026-07-01,,0.0,,,,,0.17121,,shaheen
2026-07-02,,0.0,,,,,0.17121,,shaheen
2026-07-03,,0.0,,,,,0.0,,shaheen
2026-07-04,,0.0,,,,,0.0,,shaheen
2026-07-05,,0.0,,,,,0.0,,shaheen
2026-07-06,,0.75186,,,,,0.10740857142857142,,shaheen
2026-07-07,,0.0,,,,,0.10740857142857142,,shaheen
2026-07-08,,1.2598699999999998,,,,,0.28739,,shaheen
2026-07-09,,0.0,,,,,0.28739,,shaheen
2026-07-10,,0.0,,,,,0.28739,,shaheen
2026-07-11,,0.0,,,,,0.28739,,shaheen
2026-07-12,,0.0,,,,,0.28739,,shaheen
2026-07-13,,0.0,,,,,0.17998142857142854,,shaheen
2026-07-14,,2.0,,,,,0.46569571428571427,,shaheen
2026-07-15,,0.0,,,,,0.2857142857142857,,shaheen
2026-07-16,,0.0,,,,,0.2857142857142857,,shaheen
2026-07-17,,0.0,,,,,0.2857142857142857,,shaheen
2026-07-18,,0.0,,,,,0.2857142857142857,,shaheen
2026-07-19,,0.0,,,,,0.2857142857142857,,shaheen
2026-07-20,,0.0,,,,,0.2857142857142857,,shaheen
2026-07-21,,0.0,,,,,0.0,,shaheen
2026-07-22,,1.9,,,,,0.2714285714285714,,shaheen
2026-07-23,,0.0,,,,,0.2714285714285714,,shaheen
2026-07-24,,0.0,,,,,0.2714285714285714,,shaheen
2026-07-25,,0.0,,,,,0.2714285714285714,,shaheen
2026-07-26,,0.0,,,,,0.2714285714285714,,shaheen
2026-07-27,,0.0,,,,,0.2714285714285714,,shaheen
2026-07-28,,0.90558,,,,,0.40079714285714285,,shaheen
2026-07-29,,0.0,,,,,0.12936857142857144,,shaheen
2026-07-30,,1.1068099999999998,,,,,0.2874842857142857,,shaheen
2026-07-31,,0.92241,,,,,0.4192571428571429,,shaheen
2026-08-01,,0.0,,,,,0.4192571428571429,,shaheen
2026-08-02,,1.12006,,,,,0.5792657142857143,,shaheen
2026-08-03,,0.0,,,,,0.5792657142857143,,shaheen
2026-08-04,,0.0,,,,,0.4498971428571429,,shaheen
2026-08-05,,0.0,,,,,0.4498971428571429,,shaheen
2026-08-06,,0.0,,,,,0.2917814285714285,,shaheen
2026-08-07,,0.0,,,,,0.16000857142857144,,shaheen
2026-08-08,,0.0,,,,,0.16000857142857144,,shaheen
2026-08-09,,0.0,,,,,0.0,,shaheen
2026-08-10,,0.0,,,,,0.0,,shaheen
2026-08-11,,0.0,,,,,0.0,,shaheen
2026-08-12,,0.0,,,,,0.0,,shaheen
2026-08-13,,0.0,,,,,0.0,,shaheen
2026-06-17,11.199410299379533,7.28044,,,,,7.28044,,yanbu
2026-06-18,11.199410299379533,1.2,0.0,-0.0,-1.2,-1.2,4.24022,-0.0,yanbu
2026-06-19,11.199410299379533,4.06768,0.0,-0.0,-4.06768,-2.63384,4.182706666666667,-0.0,yanbu
2026-06-20,11.199410299379533,3.5429299999999997,0.0,-0.0,-3.5429299999999997,-2.9368700000000003,4.0227625,-0.0,yanbu
2026-06-21,11.199410299379533,3.05953,0.0,-0.0,-3.05953,-2.967535,3.8301159999999994,-0.0,yanbu
2026-06-22,11.199410299379533,6.22726,0.0,-0.0,-6.22726,-3.6194800000000003,4.22964,-0.0,yanbu
2026-06-23,11.199410299379533,3.81203,0.0,-0.0,-3.81203,-3.651571666666667,4.169981428571428,-0.0,yanbu
2026-06-24,13.176749337731593,2.87768,1.97733903835206,-1.97733903835206,-4.85501903835206,-3.8234927197645803,3.5410157142857144,-0.28247700547886573,yanbu
2026-06-25,13.176749337731593,9.3066,0.0,-0.0,-9.3066,-4.981578434050294,4.699101428571429,-0.28247700547886573,yanbu
2026-06-26,13.176749337731593,3.55736,0.0,-0.0,-3.55736,-4.908675576907436,4.626198571428572,-0.28247700547886573,yanbu
2026-06-27,13.176749337731593,4.662,0.0,-0.0,-4.662,-5.068542719764579,4.786065714285714,-0.28247700547886573,yanbu
2026-06-28,13.176749337731593,2.14286,0.0,-0.0,-2.14286,-4.9375898626217225,4.655112857142856,-0.28247700547886573,yanbu
2026-06-29,13.176749337731593,6.897,0.0,-0.0,-6.897,-5.033267005478867,4.75079,-0.28247700547886573,yanbu
2026-06-30,11.994283932959817,3.23484,-1.1824654047717758,1.1824654047717758,-2.0523745952282244,-4.781887661940041,4.668334285714287,-0.11355337622575488,yanbu
2026-07-01,11.994283932959817,2.1335,0.0,-0.0,-2.1335,-4.3930992278897465,4.562022857142858,0.16892362925311083,yanbu
2026-07-02,11.994283932959817,8.315790000000002,0.0,-0.0,-8.315790000000002,-4.251554942175461,4.420478571428572,0.16892362925311083,yanbu
2026-07-03,11.994283932959817,2.15,0.0,-0.0,-2.15,-4.050503513604032,4.2194271428571435,0.16892362925311083,yanbu
2026-07-04,11.994283932959817,0.0,0.0,-0.0,-0.0,-3.3845035136040322,3.5534271428571427,0.16892362925311083,yanbu
2026-07-05,11.994283932959817,4.09347,0.0,-0.0,-4.09347,-3.663162085032604,3.8320857142857148,0.16892362925311083,yanbu
2026-07-06,11.994283932959817,8.3956,0.0,-0.0,-8.3956,-3.877247799318318,4.046171428571429,0.16892362925311083,yanbu
2026-07-07,11.994283932959817,1.99991,0.0,-0.0,-1.99991,-3.8697528571428577,3.869752857142857,-0.0,yanbu
2026-07-08,11.994283932959817,4.13112,0.0,-0.0,-4.13112,-4.155127142857143,4.155127142857142,-0.0,yanbu
2026-07-09,11.994283932959817,2.49458,0.0,-0.0,-2.49458,-3.323525714285714,3.323525714285714,-0.0,yanbu
2026-07-10,11.994283932959817,4.1345600000000005,0.0,-0.0,-4.1345600000000005,-3.6070342857142856,3.6070342857142856,-0.0,yanbu
2026-07-11,11.994283932959817,7.27785,0.0,-0.0,-7.27785,-4.646727142857143,4.646727142857143,-0.0,yanbu
2026-07-12,17.28472548518519,1.0746600000000002,5.290441552225374,-5.290441552225374,-6.365101552225374,-4.971245936032196,4.215468571428572,-0.7557773646036249,yanbu
2026-07-13,17.28472548518519,4.20505,0.0,-0.0,-4.20505,-4.372595936032196,3.6168185714285714,-0.7557773646036249,yanbu
2026-07-14,17.28472548518519,2.77055,0.0,-0.0,-2.77055,-4.482687364603625,3.72691,-0.7557773646036249,yanbu
2026-07-15,17.28472548518519,2.01,0.0,-0.0,-2.01,-4.179670221746482,3.423892857142857,-0.7557773646036249,yanbu
2026-07-16,17.28472548518519,3.0193600000000003,0.0,-0.0,-3.0193600000000003,-4.254638793175054,3.4988614285714292,-0.7557773646036249,yanbu
2026-07-17,17.28472548518519,8.28701,0.0,-0.0,-8.28701,-4.847845936032196,4.092068571428571,-0.7557773646036249,yanbu
2026-07-18,17.28472548518519,4.18593,0.0,-0.0,-4.18593,-4.406143078889339,3.650365714285715,-0.7557773646036249,yanbu
2026-07-19,17.28472548518519,5.00765,0.0,-0.0,-5.00765,-4.212221428571429,4.212221428571429,-0.0,yanbu
2026-07-20,17.28472548518519,6.76726,0.0,-0.0,-6.76726,-4.578251428571429,4.578251428571429,-0.0,yanbu
2026-07-21,17.28472548518519,1.8547,0.0,-0.0,-1.8547,-4.4474157142857145,4.4474157142857145,-0.0,yanbu
2026-07-22,17.28472548518519,2.12286,0.0,-0.0,-2.12286,-4.463538571428571,4.463538571428571,-0.0,yanbu
2026-07-23,17.28472548518519,4.5423599999999995,0.0,-0.0,-4.5423599999999995,-4.681109999999999,4.681109999999999,-0.0,yanbu
2026-07-24,15.600165304512306,4.17152,-1.6845601806728858,1.6845601806728858,-2.4869598193271143,-3.852531402761016,4.093182857142857,0.24065145438184082,yanbu
2026-07-25,15.600165304512306,3.12902,0.0,-0.0,-3.12902,-3.7015442599038733,3.942195714285714,0.24065145438184082,yanbu
2026-07-26,15.600165304512306,4.35189,0.0,-0.0,-4.35189,-3.6078642599038737,3.8485157142857145,0.24065145438184082,yanbu
2026-07-27,15.600165304512306,5.15919,0.0,-0.0,-5.15919,-3.3781399741895877,3.6187914285714284,0.24065145438184082,yanbu
2026-07-28,15.600165304512306,4.12084,0.0,-0.0,-4.12084,-3.7018742599038736,3.9425257142857144,0.24065145438184082,yanbu
2026-07-29,15.600165304512306,2.1328400000000003,0.0,-0.0,-2.1328400000000003,-3.703299974189588,3.9439514285714288,0.24065145438184082,yanbu
2026-07-30,15.600165304512306,3.43727,0.0,-0.0,-3.43727,-3.545429974189588,3.7860814285714284,0.24065145438184082,yanbu
2026-07-31,15.600165304512306,0.659,0.0,-0.0,-0.659,-3.2842928571428573,3.2842928571428573,-0.0,yanbu
2026-08-01,15.600165304512306,3.0120500000000003,0.0,-0.0,-3.0120500000000003,-3.2675828571428576,3.2675828571428576,-0.0,yanbu
2026-08-02,15.600165304512306,6.19316,0.0,-0.0,-6.19316,-3.5306214285714286,3.5306214285714286,-0.0,yanbu
2026-08-03,15.600165304512306,0.0,0.0,-0.0,-0.0,-2.7935942857142857,2.7935942857142857,-0.0,yanbu
2026-08-04,15.600165304512306,0.0,0.0,-0.0,-0.0,-2.2049028571428573,2.2049028571428573,-0.0,yanbu
2026-08-05,17.693276623291794,0.0,2.0931113187794885,-2.0931113187794885,-2.0931113187794885,-2.199227331254213,1.9002114285714289,-0.29901590268278405,yanbu
2026-08-06,17.693276623291794,1.99298,0.0,-0.0,-1.99298,-1.9929001883970698,1.693884285714286,-0.29901590268278405,yanbu
2026-08-07,17.693276623291794,0.0,0.0,-0.0,-0.0,-1.8987573312542128,1.5997414285714286,-0.29901590268278405,yanbu
2026-08-08,17.693276623291794,2.07795,0.0,-0.0,-2.07795,-1.7653144741113553,1.4662985714285715,-0.29901590268278405,yanbu
2026-08-09,17.693276623291794,3.17017,0.0,-0.0,-3.17017,-1.333458759825641,1.034442857142857,-0.29901590268278405,yanbu
2026-08-10,17.693276623291794,0.0,0.0,-0.0,-0.0,-1.333458759825641,1.034442857142857,-0.29901590268278405,yanbu
2026-08-11,17.693276623291794,0.0,0.0,-0.0,-0.0,-1.333458759825641,1.034442857142857,-0.29901590268278405,yanbu
2026-08-12,17.693276623291794,3.54575,0.0,-0.0,-3.54575,-1.5409785714285713,1.5409785714285713,-0.0,yanbu
2026-08-13,17.693276623291794,0.0,0.0,-0.0,-0.0,-1.2562671428571428,1.2562671428571428,-0.0,yanbu
