as_of,imo,vessel_name,bucket,soh_pos,reason,last_cross_ts,last_cross_dir,loading_state_soh,cargo_group,crossing_type,last_load_ts,last_load_end_ts,last_load_origin,last_load_dest,last_load_status,last_load_source,origin_bucket,dest_bucket,grade,berth_confirmed,volume_bbl,days_inside,days_since_load,days_load_to_exit,expected_lag_days,alert_lag_days,afra_class,deadweight,fleet,sanctioned_iran,sanctioned_sdn,is_dark_route,crude_relevant,watchlist,sts_flag,sts_role,sts_zone,sts_ts,sts_lag_days,sts_counterparty,sts_counterparty_imo,sts_volume_bbl
2026-08-16,9406166,GRAND LADY,exit_no_load,outside,SoH laden crude exit on 2026-08-04 with no matching inside-gulf Kpler load in the 21d before the crossing.,2026-08-04,Exited MEG,Laden,crude,Dark/Unknown Route,2026-07-01 00:00:00,2026-07-01 00:00:00,Al Basrah,Ain Sukhna,Delivered,trade,inside_gulf,outside,Basrah,1.0,1074079.0,,46.0,34.0,3.0,7.0,VLCC,299999.0,clean fleet,False,False,1.0,True,True,receiver_after_exit,receiver,Fujairah Light,2026-08-07 00:00:00,3,Giannis,9432050,1074079
2026-08-16,9928009,HAFEET,exit_no_load,outside,SoH laden crude exit on 2026-07-23 with no matching inside-gulf Kpler load in the 21d before the crossing.,2026-07-23,Exited MEG,Laden,crude,Dark/Unknown Route,2026-07-01 15:59:00,2026-07-01 15:59:00,Umm Lulu,Sriracha,Delivered,trade,inside_gulf,outside,Umm Lulu,1.0,1996461.0,,46.0,22.0,3.0,7.0,VLCC,299425.0,clean fleet,False,False,1.0,True,True,receiver_after_exit,receiver,Fujairah Light,2026-08-05 00:00:00,13,Monaco Loyalty,9312511,1996461
2026-08-16,9324100,VADIN,exit_no_load,outside,SoH laden crude exit on 2026-08-10 with no matching inside-gulf Kpler load in the 21d before the crossing.,2026-08-10,Exited MEG,Laden,crude,Dark/Unknown Route,2026-07-06 01:33:00,2026-07-06 01:33:00,Mina Al-Ahmadi,Made Island,Delivered,trade,inside_gulf,outside,Kuwait,1.0,2000002.0,,41.0,35.0,3.0,7.0,VLCC,302478.0,clean fleet,False,False,1.0,True,True,receiver_after_exit,receiver,Fujairah Light,2026-08-12 19:19:00,2,Front Spey,1087500,2000002
2026-08-16,9330563,SANMAR HERALD,exit_no_load,outside,SoH laden crude exit on 2026-06-20 with no matching inside-gulf Kpler load in the 21d before the crossing.,2026-06-20,Exited MEG,Laden,crude,Dark/Unknown Route,,,,,,,,,,0.0,2005393.0,,,,3.0,7.0,VLCC,309000.0,clean fleet,False,False,1.0,True,True,unknown_partner,receiver,Gulf of Oman,2026-07-27 00:00:00,37,,,1999996
2026-08-16,9358280,PLATA CARRIER,exit_no_load,outside,SoH laden crude exit on 2026-06-24 with no matching inside-gulf Kpler load in the 21d before the crossing.,2026-06-24,Exited MEG,Laden,crude,Omani Route,,,,,,,,,,0.0,2057944.0,,,,3.0,7.0,VLCC,307284.0,clean fleet,False,False,0.0,True,True,giver_after_exit,giver,Fujairah Light,2026-08-15 00:00:00,52,Bahamas Prosperity,9327114,1959999
2026-08-16,9567659,OMEGA TRADER,exit_no_load,outside,SoH laden crude exit on 2026-07-06 with no matching inside-gulf Kpler load in the 21d before the crossing.,2026-07-06,Exited MEG,Laden,crude,Iranian Route,,,,,,,,,,0.0,1990649.0,,,,3.0,7.0,VLCC,305206.0,clean fleet,False,False,0.0,True,True,giver_after_exit,giver,Fujairah Light,2026-08-05 00:00:00,30,Umm Al Aish,9534781,2000002
2026-08-16,9785835,MONTE URBASA,exit_no_load,outside,SoH laden crude exit on 2026-06-23 with no matching inside-gulf Kpler load in the 21d before the crossing.,2026-06-23,Exited MEG,Laden,crude,Dark/Unknown Route,,,,,,,,,,0.0,999998.0,,,,3.0,7.0,LR2,156400.0,clean fleet,False,False,1.0,True,True,giver_after_exit,giver,Fujairah Light,2026-07-25 18:39:00,32,Nissos Kea,9920758,1067997
2026-08-16,9759824,AGIOS FANOURIOS I,accounted,outside,Kpler loaded at Al Basrah on 2026-04-20 then SoH laden exit on 2026-05-10.,2026-05-10,Exited MEG,Laden,crude,Iranian Route,2026-04-20 04:57:00,2026-04-20 04:57:00,Al Basrah,NSRP,Delivered,trade,inside_gulf,outside,Basrah Med.,0.0,1966754.0,,118.0,20.0,3.0,7.0,VLCC,303123.0,clean fleet,False,False,0.0,True,False,giver_after_exit,giver,Fujairah Light,2026-06-23 09:59:00,44,V.Advance,9845221,1200001
2026-08-16,9312511,MONACO LOYALTY,accounted,outside,Kpler loaded at FSO Qatar Petroleum Al Shaheen I on 2026-06-01 then SoH laden exit on 2026-06-21.,2026-06-21,Exited MEG,Laden,crude,Dark/Unknown Route,2026-06-01 12:54:00,2026-06-01 12:54:00,FSO Qatar Petroleum Al Shaheen I,Linggi Light.,Delivered,trade,inside_gulf,outside,Shaheen,1.0,2057944.0,,76.0,20.0,3.0,7.0,VLCC,307284.0,clean fleet,False,False,1.0,True,False,giver_after_exit,giver,Fujairah Light,2026-08-05 00:00:00,45,Hafeet,9928009,1996461
2026-08-16,9524970,WEDYAN,accounted,outside,Kpler loaded at Ras Tanura on 2026-07-03 then SoH laden exit on 2026-07-11.,2026-07-11,Exited MEG,Laden,crude,Dark/Unknown Route,2026-07-03 14:19:00,2026-07-03 14:19:00,Ras Tanura,BORL Jamnagar Oil Terminal,Delivered,trade,inside_gulf,outside,Arab,1.0,1580956.0,,44.0,8.0,3.0,7.0,ULCC,321234.0,clean fleet,False,False,1.0,True,False,receiver_after_exit,receiver,Sohar Light,2026-07-31 00:00:00,20,Ajwad,9830795,2000002
2026-08-16,9411032,TOGO PROSPERITY,accounted,outside,Kpler loaded at Dubai Light. on 2026-07-05 then SoH laden exit on 2026-07-07.,2026-07-07,Exited MEG,Laden,crude,Omani Route,2026-07-05 13:55:00,2026-07-05 13:55:00,Dubai Light.,,PortCall,portcall,inside_gulf,unknown,Murban,1.0,1900000.0,,42.0,2.0,3.0,7.0,VLCC,318325.0,clean fleet,False,False,0.0,True,False,receiver_after_exit,receiver,Sohar Light,2026-08-15 00:00:00,39,Vive Ut Vivas,1055387,2000002
2026-08-16,9534004,EGYPT PROSPERITY,accounted,outside,Kpler loaded at Al Basrah on 2026-07-11 then SoH laden exit on 2026-07-15.,2026-07-15,Exited MEG,Laden,crude,Dark/Unknown Route,2026-07-11 10:19:00,2026-07-11 10:19:00,Al Basrah,,In Transit,trade,inside_gulf,unknown,Basrah,1.0,1959999.0,,36.0,4.0,3.0,7.0,VLCC,318663.0,clean fleet,False,False,1.0,True,False,receiver_after_exit,receiver,Sohar Light,2026-08-15 00:00:00,31,Degas,9926673,1959999
2026-08-16,9739501,MOMBASA B,accounted,outside,Kpler loaded at Zirku on 2026-07-11 then SoH laden exit on 2026-07-14.,2026-07-14,Exited MEG,Laden,crude,Dark/Unknown Route,2026-07-11 00:00:00,2026-07-11 00:00:00,Zirku,Karachi Keamari,Delivered,trade,inside_gulf,outside,Zakum,1.0,705924.0,,36.0,3.0,3.0,7.0,VLCC,299392.0,clean fleet,False,False,1.0,True,False,receiver_after_exit,receiver,Fujairah Light,2026-08-05 00:00:00,22,Ocean Loyalty,9375238,2000002
2026-08-16,9723071,FUJAIRAH ENERGY,accounted,outside,Kpler loaded at Al Basrah on 2026-07-12 then SoH laden exit on 2026-07-20.,2026-07-20,Exited MEG,Laden,crude,Dark/Unknown Route,2026-07-12 00:53:00,2026-07-12 00:53:00,Al Basrah,FPCC Mailiao Refinery,Delivered,trade,inside_gulf,outside,Basrah Med.,1.0,1040605.0,,35.0,8.0,3.0,7.0,VLCC,299999.0,clean fleet,False,False,1.0,True,False,receiver_after_exit,receiver,Fujairah Light,2026-08-15 00:00:00,26,Australis,9875783,2000002
2026-08-16,9327114,BAHAMAS PROSPERITY,accounted,outside,Kpler loaded at Al Basrah on 2026-07-20 then SoH laden exit on 2026-08-09.,2026-08-09,Exited MEG,Laden,crude,Dark/Unknown Route,2026-07-20 00:00:00,2026-07-20 00:00:00,Al Basrah,,In Transit,trade,inside_gulf,unknown,Basrah,1.0,1959999.0,,27.0,20.0,3.0,7.0,VLCC,300246.0,clean fleet,False,False,1.0,True,False,receiver_after_exit,receiver,Fujairah Light,2026-08-15 00:00:00,6,Plata Carrier,9358280,1959999
2026-08-16,9376749,SURINAME PROSPERITY,accounted,outside,Kpler loaded at Al Basrah on 2026-07-20 then SoH laden exit on 2026-07-30.,2026-07-30,Exited MEG,Laden,crude,Dark/Unknown Route,2026-07-20 00:00:00,2026-07-20 00:00:00,Al Basrah,,In Transit,trade,inside_gulf,unknown,Basrah Med.,1.0,999998.0,,27.0,10.0,3.0,7.0,VLCC,297556.0,clean fleet,False,False,1.0,True,False,receiver_after_exit,receiver,Fujairah Light,2026-08-10 18:19:00,11,Baltic Loyalty,9411953,999998
2026-08-16,9534779,DAR SALWA,accounted,outside,Kpler loaded at Mina Al-Ahmadi on 2026-07-20 then SoH laden exit on 2026-07-28.,2026-07-28,Exited MEG,Laden,crude,Dark/Unknown Route,2026-07-20 00:00:00,2026-07-20 00:00:00,Mina Al-Ahmadi,Zhanjiang,In Transit,trade,inside_gulf,outside,Kuwait,1.0,2083996.0,,27.0,8.0,3.0,7.0,VLCC,319761.0,clean fleet,False,False,1.0,True,False,receiver_after_exit,receiver,Fujairah Light,2026-08-09 00:00:00,12,Desh Viraat,9371593,2000002
2026-08-16,9322281,FRANCE C,accounted,outside,Kpler loaded at Zirku on 2026-07-25 then SoH laden exit on 2026-07-29.,2026-07-29,Exited MEG,Laden,crude,Dark/Unknown Route,2026-07-25 00:00:00,2026-07-25 00:00:00,Zirku,,In Transit,trade,inside_gulf,unknown,Zakum,1.0,1999996.0,,22.0,4.0,3.0,7.0,VLCC,306506.0,clean fleet,False,False,1.0,True,False,receiver_after_exit,receiver,Sohar Light,2026-07-31 00:00:00,2,Olympus,9941661,1999996
2026-08-16,9228655,LUCIA A,accounted,outside,Kpler loaded at Al Basrah on 2026-07-28 then SoH laden exit on 2026-07-31.,2026-07-31,Exited MEG,Laden,crude,Dark/Unknown Route,2026-07-28 22:57:00,2026-07-28 22:57:00,Al Basrah,,In Transit,trade,inside_gulf,unknown,Basrah Med.,1.0,881667.0,,19.0,3.0,3.0,7.0,LR2,159997.0,clean fleet,False,False,1.0,True,False,receiver_after_exit,receiver,Sohar Light,2026-08-04 00:17:00,4,Baltic Loyalty,9411953,999998
2026-08-16,9315159,CAMEROON PROSPERITY,accounted,outside,Kpler loaded at Das Island on 2026-08-01 then SoH laden exit on 2026-08-03.,2026-08-03,Exited MEG,Laden,crude,Dark/Unknown Route,2026-08-01 00:00:00,2026-08-01 00:00:00,Das Island,Dalian,In Transit,trade,inside_gulf,outside,Das,1.0,1123284.0,,15.0,2.0,3.0,7.0,VLCC,317713.0,clean fleet,False,False,1.0,True,False,receiver_after_exit,receiver,Fujairah Light,2026-08-07 00:00:00,4,Yuan Yang Hu,9398943,1990001
2026-08-16,9937799,AL BAHYAH,accounted,outside,Kpler loaded at Umm Lulu on 2026-08-01 then SoH laden exit on 2026-08-04.,2026-08-04,Exited MEG,Laden,crude,Dark/Unknown Route,2026-08-01 00:00:00,2026-08-01 00:00:00,Umm Lulu,Ulsan,In Transit,trade,inside_gulf,outside,Umm Lulu,1.0,1996002.0,,15.0,3.0,3.0,7.0,VLCC,299425.0,clean fleet,False,False,1.0,True,False,receiver_after_exit,receiver,Fujairah Light,2026-08-07 00:00:00,3,Maran Mars,9858046,1996002
2026-08-16,9853852,NISSOS KYTHNOS,accounted,outside,Kpler loaded at FSO Qatar Petroleum Al Shaheen II on 2026-08-02 then SoH laden exit on 2026-08-05.,2026-08-05,Exited MEG,Laden,crude,Dark/Unknown Route,2026-08-02 17:59:00,2026-08-02 17:59:00,FSO Qatar Petroleum Al Shaheen II,Sikka,In Transit,trade,inside_gulf,outside,Shaheen,1.0,1120064.0,,14.0,3.0,3.0,7.0,VLCC,318744.0,clean fleet,False,False,1.0,True,False,receiver_after_exit,receiver,Sohar Light,2026-08-07 17:59:00,2,Front Otra,1116014,2042477
2026-08-16,9534781,UMM AL AISH,accounted,outside,Kpler loaded at Mina Al-Ahmadi on 2026-08-03 then SoH laden exit on 2026-08-04.,2026-08-04,Exited MEG,Laden,crude,Dark/Unknown Route,2026-08-03 00:00:00,2026-08-03 00:00:00,Mina Al-Ahmadi,Bataan,In Transit,trade,inside_gulf,outside,Kuwait,1.0,2000002.0,,13.0,1.0,3.0,7.0,VLCC,319634.0,clean fleet,False,False,1.0,True,False,receiver_after_exit,receiver,Fujairah Light,2026-08-05 00:00:00,1,Omega Trader,9567659,2000002
2026-08-16,9391775,BASRAH ENERGY,accounted,outside,Kpler loaded at Das Island on 2026-08-04 then SoH laden exit on 2026-08-07.,2026-08-07,Exited MEG,Laden,crude,Dark/Unknown Route,2026-08-04 00:00:00,2026-08-04 00:00:00,Das Island,Yeosu,In Transit,trade,inside_gulf,outside,Das,1.0,1996461.0,,12.0,3.0,3.0,7.0,VLCC,301583.0,clean fleet,False,False,1.0,True,False,receiver_after_exit,receiver,Sohar Light,2026-08-10 00:00:00,3,V.Progress,9845154,1996461
2026-08-16,9419618,NISSOS HERACLEA,accounted,outside,Kpler loaded at Al Basrah on 2026-08-05 then SoH laden exit on 2026-08-08.,2026-08-08,Exited MEG,Laden,crude,Dark/Unknown Route,2026-08-05 14:39:00,2026-08-05 14:39:00,Al Basrah,,In Transit,trade,inside_gulf,unknown,Basrah,1.0,1100484.0,,11.0,3.0,3.0,7.0,VLCC,313525.0,clean fleet,False,False,1.0,True,False,receiver_after_exit,receiver,Sohar Light,2026-08-13 17:18:00,5,Agistri,9597018,859515
2026-08-16,9534808,AL RIQQA,accounted,outside,Kpler loaded at Mina Al-Ahmadi on 2026-08-05 then SoH laden exit on 2026-08-08.,2026-08-08,Exited MEG,Laden,crude,Dark/Unknown Route,2026-08-05 00:00:00,2026-08-05 00:00:00,Mina Al-Ahmadi,,In Transit,trade,inside_gulf,unknown,Kuwait,1.0,2000002.0,,11.0,3.0,3.0,7.0,VLCC,319704.0,clean fleet,False,False,1.0,True,False,receiver_after_exit,receiver,Sohar Light,2026-08-10 00:00:00,2,Aragona,9513115,2000002
2026-08-16,9508859,ROTTERDAM ENERGY,accounted,outside,Kpler loaded at Zirku on 2026-08-08 then SoH laden exit on 2026-08-09.,2026-08-09,Exited MEG,Laden,crude,Dark/Unknown Route,2026-08-08 00:00:00,2026-08-08 00:00:00,Zirku,Quanzhou,In Transit,trade,inside_gulf,outside,Zakum,1.0,1986831.0,,8.0,1.0,3.0,7.0,VLCC,296659.0,clean fleet,False,False,1.0,True,False,receiver_after_exit,receiver,Fujairah Light,2026-08-16 03:39:00,7,Ocean Lily,9284960,1986831
2026-08-16,9595216,CYPRUS PROSPERITY,accounted,outside,Kpler loaded at Umm Lulu on 2026-08-08 then SoH laden exit on 2026-08-12.,2026-08-12,Exited MEG,Laden,crude,Dark/Unknown Route,2026-08-08 00:00:00,2026-08-08 00:00:00,Umm Lulu,,In Transit,trade,inside_gulf,unknown,Umm Lulu,1.0,992444.0,,8.0,4.0,3.0,7.0,VLCC,299996.0,clean fleet,False,False,1.0,True,False,receiver_after_exit,receiver,Fujairah Light,2026-08-15 00:00:00,3,New Dragon,9379715,992444
2026-08-16,9623685,ANGOLA B,accounted,outside,Kpler loaded at Al Basrah on 2026-08-09 then SoH laden exit on 2026-08-13.,2026-08-13,Exited MEG,Laden,crude,Dark/Unknown Route,2026-08-09 00:00:00,2026-08-09 00:00:00,Al Basrah,,In Transit,trade,inside_gulf,unknown,Basrah,1.0,1959999.0,,7.0,4.0,3.0,7.0,VLCC,299999.0,clean fleet,False,False,1.0,True,False,receiver_after_exit,receiver,Fujairah Light,2026-08-15 00:00:00,2,Dht Taiga,9590888,1959999
2026-08-16,9575096,Harbour Splendor,bypass,never_seen,Kpler load at Muajjiz is east/Red Sea — no SoH exit expected.,,,,,,2026-04-29 16:38:00,2026-04-29 16:38:00,Muajjiz,SDIC Yangpu Terminal,Delivered,trade,bypass_red_sea,outside,Arab,1.0,513462.0,,109.0,,3.0,7.0,,,clean fleet,False,False,0.0,False,True,unknown_partner,receiver,Gulf of Oman,2026-06-23 00:00:00,,,,2000002
2026-08-16,9646986,Tong Zhou Gong Ji,bypass,never_seen,Kpler load at Muajjiz is east/Red Sea — no SoH exit expected.,,,,,,2026-05-11 08:39:00,2026-05-11 08:39:00,Muajjiz,,PortCall,portcall,bypass_red_sea,unknown,Arab Lt.,1.0,1991360.0,,97.0,,3.0,7.0,,,clean fleet,False,False,0.0,False,True,unknown_partner,receiver,Gulf of Oman,2026-06-18 00:00:00,,,,1991360
2026-08-16,9633446,Novo,bypass,never_seen,Kpler load at ADCOP Fujairah is east/Red Sea — no SoH exit expected.,,,,,,2026-05-17 02:33:00,2026-05-17 02:33:00,ADCOP Fujairah,Mumbai Refinery,Delivered,trade,bypass_east,outside,Murban,1.0,799994.0,,91.0,,3.0,7.0,,,clean fleet,False,False,0.0,False,True,unknown_partner,receiver,Gulf of Oman,2026-08-09 00:00:00,,,,1017760
2026-08-16,9779604,Sea Pearl,bypass,never_seen,Kpler load at Muajjiz is east/Red Sea — no SoH exit expected.,,,,,,2026-05-20 22:39:00,2026-05-20 22:39:00,Muajjiz,S-Oil Onsan,Delivered,trade,bypass_red_sea,outside,Arab Lt.,1.0,2071505.0,,88.0,,3.0,7.0,,,clean fleet,False,False,0.0,False,True,unknown_partner,receiver,Gulf of Oman,2026-07-10 00:00:00,,,,1999996
2026-08-16,9844277,Olympic Life,bypass,never_seen,Kpler load at ADCOP Fujairah is east/Red Sea — no SoH exit expected.,,,,,,2026-05-26 01:57:00,2026-05-26 01:57:00,ADCOP Fujairah,Kochi Refinery,Delivered,trade,bypass_east,outside,Murban,1.0,607155.0,,82.0,,3.0,7.0,,,clean fleet,False,False,0.0,False,True,unknown_partner,receiver,Gulf of Oman,2026-08-15 00:00:00,,,,2000002
2026-08-16,9602473,Maran Leo,bypass,never_seen,Kpler load at Fujairah Light. is east/Red Sea — no SoH exit expected.,,,,,,2026-06-07 00:00:00,2026-06-07 00:00:00,Fujairah Light.,,PortCall,portcall,bypass_east,unknown,Zakum,1.0,1999996.0,,70.0,,3.0,7.0,,,clean fleet,False,False,0.0,False,True,unknown_partner,receiver,Gulf of Oman,2026-07-01 00:00:00,,,,1999996
2026-08-16,9931329,G.Dream,bypass,never_seen,Kpler load at Sohar Light. is east/Red Sea — no SoH exit expected.,,,,,,2026-06-09 01:59:00,2026-06-09 01:59:00,Sohar Light.,,PortCall,portcall,bypass_east,unknown,Murban,1.0,1799999.0,,68.0,,3.0,7.0,,,clean fleet,False,False,0.0,False,True,unknown_partner,receiver,Gulf of Oman,2026-07-30 00:00:00,,,,2000002
2026-08-16,1087512,Front Surna,bypass,never_seen,Kpler load at Fujairah Light. is east/Red Sea — no SoH exit expected.,,,,,,2026-06-19 00:00:00,2026-06-19 00:00:00,Fujairah Light.,,PortCall,portcall,bypass_east,unknown,Zakum,1.0,2000002.0,,58.0,,3.0,7.0,,,clean fleet,False,False,0.0,False,False,giver_no_soh,giver,Fujairah Light,2026-06-18 00:00:00,,Cameroon Prosperity,9315159,2000002
2026-08-16,9845685,Nissos Rhenia,bypass,never_seen,Kpler load at Sohar Light. is east/Red Sea — no SoH exit expected.,,,,,,2026-06-21 00:00:00,2026-06-21 00:00:00,Sohar Light.,,PortCall,portcall,bypass_east,unknown,Kuwait,1.0,2000002.0,,56.0,,3.0,7.0,,,clean fleet,False,False,0.0,False,False,giver_no_soh,giver,Sohar Light,2026-06-20 00:00:00,,Al Funtas,9653408,2000002
2026-08-16,1085473,Bidbid,bypass,never_seen,Kpler load at Fujairah Light. is east/Red Sea — no SoH exit expected.,,,,,,2026-06-22 00:00:00,2026-06-22 00:00:00,Fujairah Light.,,PortCall,portcall,bypass_east,unknown,Basrah,1.0,1900000.0,,55.0,,3.0,7.0,,,clean fleet,False,False,0.0,False,False,giver_no_soh,giver,Fujairah Light,2026-06-21 00:00:00,,Fujairah Energy,9723071,1900000
2026-08-16,9870800,Maran Mira,bypass,never_seen,Kpler load at Fujairah Light. is east/Red Sea — no SoH exit expected.,,,,,,2026-06-22 00:00:00,2026-06-22 00:00:00,Fujairah Light.,,PortCall,portcall,bypass_east,unknown,Kuwait,1.0,1854110.0,,55.0,,3.0,7.0,,,clean fleet,False,False,0.0,False,False,giver_no_soh,giver,Fujairah Light,2026-06-21 00:00:00,,Al Riqqa,9534808,1854110
2026-08-16,9519494,Maran Taurus,bypass,never_seen,Kpler load at ADCOP Fujairah is east/Red Sea — no SoH exit expected.,,,,,,2026-06-24 16:59:00,2026-06-24 16:59:00,ADCOP Fujairah,Kawasaki Refinery,Delivered,trade,bypass_east,outside,Murban,1.0,923230.0,,53.0,,3.0,7.0,,,clean fleet,False,False,0.0,False,True,unknown_partner,receiver,Gulf of Oman,2026-07-25 00:00:00,,,,2000002
2026-08-16,9500924,Izki,bypass,never_seen,Kpler load at Sohar Light. is east/Red Sea — no SoH exit expected.,,,,,,2026-06-27 00:00:00,2026-06-27 00:00:00,Sohar Light.,,PortCall,portcall,bypass_east,unknown,Basrah,1.0,1900000.0,,50.0,,3.0,7.0,,,clean fleet,False,False,0.0,False,False,giver_no_soh,giver,Sohar Light,2026-06-26 00:00:00,,Grand Lady,9406166,1900000
2026-08-16,9534030,Yasa Southern Cross,bypass,never_seen,Kpler load at Fujairah Light. is east/Red Sea — no SoH exit expected.,,,,,,2026-06-27 00:00:00,2026-06-27 00:00:00,Fujairah Light.,,PortCall,portcall,bypass_east,unknown,Zakum,1.0,2052742.0,,50.0,,3.0,7.0,,,clean fleet,False,False,0.0,False,False,giver_no_soh,giver,Fujairah Light,2026-06-26 00:00:00,,France C,9322281,2052742
2026-08-16,9851854,Universal Challenger,bypass,never_seen,Kpler load at Sohar Light. is east/Red Sea — no SoH exit expected.,,,,,,2026-06-27 00:00:00,2026-06-27 00:00:00,Sohar Light.,,PortCall,portcall,bypass_east,unknown,Zakum,1.0,1996461.0,,50.0,,3.0,7.0,,,clean fleet,False,False,0.0,False,False,giver_no_soh,giver,Sohar Light,2026-06-26 00:00:00,,Hafeet,9928009,1996461
2026-08-16,9404924,C.Galaxy,bypass,never_seen,Kpler load at Mina Al Fahal is east/Red Sea — no SoH exit expected.,,,,,,2026-06-29 17:39:00,2026-06-29 17:39:00,Mina Al Fahal,SK Ulsan,Delivered,trade,bypass_east,outside,Oman,1.0,1111604.0,,48.0,,3.0,7.0,,,clean fleet,False,False,0.0,False,True,unknown_partner,receiver,Gulf of Oman,2026-06-21 00:00:00,,,,1000004
2026-08-16,9843297,Yuan Hua Yang,bypass,never_seen,Kpler load at Fujairah Light. is east/Red Sea — no SoH exit expected.,,,,,,2026-06-30 12:39:00,2026-06-30 12:39:00,Fujairah Light.,,PortCall,portcall,bypass_east,unknown,Zakum,1.0,1900000.0,,47.0,,3.0,7.0,,,clean fleet,False,False,0.0,False,False,giver_no_soh,giver,Fujairah Light,2026-06-27 15:18:00,,Togo Prosperity,9411032,1900000
2026-08-16,9455973,Amphitrite,bypass,never_seen,Kpler load at Fujairah Light. is east/Red Sea — no SoH exit expected.,,,,,,2026-07-01 00:00:00,2026-07-01 00:00:00,Fujairah Light.,,PortCall,portcall,bypass_east,unknown,Kuwait,1.0,1000004.0,,46.0,,3.0,7.0,,,clean fleet,False,False,0.0,False,False,giver_no_soh,giver,Fujairah Light,2026-06-30 00:00:00,,Al Kout,9653434,1000004
2026-08-16,9728693,Guyana Prosperity,bypass,never_seen,Kpler load at Sohar Light. is east/Red Sea — no SoH exit expected.,,,,,,2026-07-02 18:17:00,2026-07-02 18:17:00,Sohar Light.,,PortCall,portcall,bypass_east,unknown,Basrah,1.0,2004373.0,,45.0,,3.0,7.0,,,clean fleet,False,False,0.0,False,False,giver_no_soh,giver,Sohar Light,2026-06-28 20:59:00,,Kiara M,9285823,2004373
2026-08-16,9297486,Desh Ujaala,bypass,never_seen,Kpler load at Sohar Light. is east/Red Sea — no SoH exit expected.,,,,,,2026-07-03 22:34:00,2026-07-03 22:34:00,Sohar Light.,,PortCall,portcall,bypass_east,unknown,Basrah,1.0,2094689.0,,44.0,,3.0,7.0,,,clean fleet,False,False,0.0,False,False,giver_no_soh,giver,Sohar Light,2026-06-30 20:59:00,,Nissos Heraclea,9419618,2094689
2026-08-16,1042500,Tara,bypass,never_seen,Kpler load at Sohar Light. is east/Red Sea — no SoH exit expected.,,,,,,2026-07-07 00:00:00,2026-07-07 00:00:00,Sohar Light.,,PortCall,portcall,bypass_east,unknown,Das,1.0,2000002.0,,40.0,,3.0,7.0,,,clean fleet,False,False,0.0,False,False,giver_no_soh,giver,Sohar Light,2026-07-06 00:00:00,,France C,9322281,2000002
2026-08-16,9753002,Maran Artemis,bypass,never_seen,Kpler load at Sohar Light. is east/Red Sea — no SoH exit expected.,,,,,,2026-07-07 00:00:00,2026-07-07 00:00:00,Sohar Light.,,PortCall,portcall,bypass_east,unknown,Kuwait,1.0,2119181.0,,40.0,,3.0,7.0,,,clean fleet,False,False,0.0,False,False,giver_no_soh,giver,Sohar Light,2026-07-06 00:00:00,,Al Jabriyah II,9329708,2119181
2026-08-16,9625968,Twin Pollux,bypass,never_seen,Kpler load at Sohar Light. is east/Red Sea — no SoH exit expected.,,,,,,2026-07-08 23:19:00,2026-07-08 23:19:00,Sohar Light.,,PortCall,portcall,bypass_east,unknown,Zakum,1.0,1986831.0,,39.0,,3.0,7.0,,,clean fleet,False,False,0.0,False,False,giver_no_soh,giver,Sohar Light,2026-07-06 00:00:00,,Rotterdam Energy,9508859,1986831
2026-08-16,9831218,Irini N. Lemos,bypass,never_seen,Kpler load at Sohar Light. is east/Red Sea — no SoH exit expected.,,,,,,2026-07-08 02:23:00,2026-07-08 02:23:00,Sohar Light.,,PortCall,portcall,bypass_east,unknown,Qatar Mar.,1.0,1799999.0,,39.0,,3.0,7.0,,,clean fleet,False,False,0.0,False,False,giver_no_soh,giver,Sohar Light,2026-07-04 09:58:00,,Nissos Kea,9920758,1799999
2026-08-16,1087536,Evros,bypass,never_seen,Kpler load at Sohar Light. is east/Red Sea — no SoH exit expected.,,,,,,2026-07-09 00:00:00,2026-07-09 00:00:00,Sohar Light.,,PortCall,portcall,bypass_east,unknown,Kuwait,1.0,2000002.0,,38.0,,3.0,7.0,,,clean fleet,False,False,0.0,False,False,giver_no_soh,giver,Sohar Light,2026-07-08 00:00:00,,Al Funtas,9653408,2000002
2026-08-16,9439670,Captain A Stellatos,bypass,never_seen,Kpler load at Sohar Light. is east/Red Sea — no SoH exit expected.,,,,,,2026-07-12 13:58:00,2026-07-12 13:58:00,Sohar Light.,,PortCall,portcall,bypass_east,unknown,Das,1.0,709572.0,,35.0,,3.0,7.0,,,clean fleet,False,False,0.0,False,False,giver_no_soh,giver,Sohar Light,2026-07-11 01:39:00,,Ocean Loyalty,9375238,709572
2026-08-16,9905320,Africa,bypass,never_seen,Kpler load at ADCOP Fujairah is east/Red Sea — no SoH exit expected.,,,,,,2026-07-12 02:58:00,2026-07-12 02:58:00,ADCOP Fujairah,Mumbai Refinery,Delivered,trade,bypass_east,outside,Murban,1.0,999998.0,,35.0,,3.0,7.0,,,clean fleet,False,False,0.0,False,True,unknown_partner,receiver,Gulf of Oman,2026-08-05 00:00:00,,,,999998
2026-08-16,9509023,Pissiotis,bypass,never_seen,Kpler load at Sohar Light. is east/Red Sea — no SoH exit expected.,,,,,,2026-07-13 19:19:00,2026-07-13 19:19:00,Sohar Light.,,PortCall,portcall,bypass_east,unknown,ME,1.0,212960.0,,34.0,,3.0,7.0,,,clean fleet,False,False,0.0,False,False,giver_no_soh,giver,Sohar Light,2026-07-12 02:19:00,,Malaysia Prosperity,9395305,212960
2026-08-16,9734111,Dht Osprey,bypass,never_seen,Kpler load at Fujairah Light. is east/Red Sea — no SoH exit expected.,,,,,,2026-07-14 19:19:00,2026-07-14 19:19:00,Fujairah Light.,,PortCall,portcall,bypass_east,unknown,Das,1.0,1440536.0,,33.0,,3.0,7.0,,,clean fleet,False,False,0.0,False,False,giver_no_soh,giver,Fujairah Light,2026-07-11 04:19:00,,Cyprus Prosperity,9595216,2071505
2026-08-16,9343388,Tosa,bypass,never_seen,Kpler load at Sohar Light. is east/Red Sea — no SoH exit expected.,,,,,,2026-07-15 23:59:00,2026-07-15 23:59:00,Sohar Light.,,PortCall,portcall,bypass_east,unknown,Shaheen,1.0,2011726.0,,32.0,,3.0,7.0,,,clean fleet,False,False,0.0,False,False,giver_no_soh,giver,Sohar Light,2026-07-12 06:18:00,,Nissos Heraclea,9419618,2011726
2026-08-16,9794006,Marine Hope,bypass,never_seen,Kpler load at Fujairah Light. is east/Red Sea — no SoH exit expected.,,,,,,2026-07-16 00:00:00,2026-07-16 00:00:00,Fujairah Light.,,PortCall,portcall,bypass_east,unknown,ME,1.0,1999996.0,,31.0,,3.0,7.0,,,clean fleet,False,False,0.0,False,False,giver_no_soh,giver,Fujairah Light,2026-07-15 00:00:00,,Al Funtas,9653408,1999996
2026-08-16,1097775,Aristotelis II,bypass,never_seen,Kpler load at Sohar Light. is east/Red Sea — no SoH exit expected.,,,,,,2026-07-19 00:00:00,2026-07-19 00:00:00,Sohar Light.,,PortCall,portcall,bypass_east,unknown,Kuwait,1.0,2042483.0,,28.0,,3.0,7.0,,,clean fleet,False,False,0.0,False,False,giver_no_soh,giver,Sohar Light,2026-07-18 00:00:00,,Al Derwazah,9653410,2042483
2026-08-16,9810393,Maran Atalanta,bypass,never_seen,Kpler load at Fujairah Light. is east/Red Sea — no SoH exit expected.,,,,,,2026-07-21 00:00:00,2026-07-21 00:00:00,Fujairah Light.,,PortCall,portcall,bypass_east,unknown,Kuwait,1.0,2000002.0,,26.0,,3.0,7.0,,,clean fleet,False,False,0.0,False,False,giver_no_soh,giver,Fujairah Light,2026-07-20 00:00:00,,Umm Al Aish,9534781,2000002
2026-08-16,9509011,Mount Fuji,bypass,never_seen,Kpler load at Fujairah Light. is east/Red Sea — no SoH exit expected.,,,,,,2026-07-25 15:25:00,2026-07-25 15:25:00,Fujairah Light.,,PortCall,portcall,bypass_east,unknown,Qatar Crude,1.0,980009.0,,22.0,,3.0,7.0,,,clean fleet,False,False,0.0,False,False,giver_no_soh,giver,Fujairah Light,2026-07-24 02:58:00,,Nissos Kea,9920758,980009
2026-08-16,9513763,Nave Synergy,bypass,never_seen,Kpler load at Fujairah Light. is east/Red Sea — no SoH exit expected.,,,,,,2026-07-27 00:00:00,2026-07-27 00:00:00,Fujairah Light.,,PortCall,portcall,bypass_east,unknown,Fateh,1.0,1009395.0,,20.0,,3.0,7.0,,,clean fleet,False,False,0.0,False,False,giver_no_soh,giver,Fujairah Light,2026-07-26 00:00:00,,Fujairah Energy,9723071,1009395
2026-08-16,9514559,Nave Quasar,bypass,never_seen,Kpler load at Fujairah Light. is east/Red Sea — no SoH exit expected.,,,,,,2026-07-27 00:00:00,2026-07-27 00:00:00,Fujairah Light.,,PortCall,portcall,bypass_east,unknown,Das,1.0,1796810.0,,20.0,,3.0,7.0,,,clean fleet,False,False,0.0,False,False,giver_no_soh,giver,Fujairah Light,2026-07-26 00:00:00,,Al Bahyah,9937799,1796810
2026-08-16,9432036,Tony,bypass,never_seen,Kpler load at Fujairah Light. is east/Red Sea — no SoH exit expected.,,,,,,2026-07-29 04:59:00,2026-07-29 04:59:00,Fujairah Light.,,PortCall,portcall,bypass_east,unknown,Murban,1.0,999998.0,,18.0,,3.0,7.0,,,clean fleet,False,False,0.0,False,False,giver_no_soh,giver,Fujairah Light,2026-07-27 00:17:00,,Ocean Loyalty,9375238,999998
2026-08-16,9905459,Alexandros,bypass,never_seen,Kpler load at Muajjiz is east/Red Sea — no SoH exit expected.,,,,,,2026-07-30 00:00:00,2026-07-30 00:00:00,Muajjiz,BORL Jamnagar Oil Terminal,Delivered,trade,bypass_red_sea,outside,Arab,1.0,999998.0,,17.0,,3.0,7.0,,,clean fleet,False,False,0.0,False,False,giver_no_soh,giver,Fujairah Light,2026-07-06 00:00:00,,Grand Lady,9406166,1959999
2026-08-16,9830795,Ajwad,bypass,never_seen,Kpler load at Sohar Light. is east/Red Sea — no SoH exit expected.,,,,,,2026-08-01 00:00:00,2026-08-01 00:00:00,Sohar Light.,,PortCall,portcall,bypass_east,unknown,Arab,1.0,2000002.0,,15.0,,3.0,7.0,,,clean fleet,False,False,0.0,False,False,giver_no_soh,giver,Sohar Light,2026-07-31 00:00:00,,Wedyan,9524970,2000002
2026-08-16,9753363,Antigua I,bypass,never_seen,Kpler load at Fujairah Light. is east/Red Sea — no SoH exit expected.,,,,,,2026-08-04 11:57:00,2026-08-04 11:57:00,Fujairah Light.,,PortCall,portcall,bypass_east,unknown,ME,1.0,959592.0,,12.0,,3.0,7.0,,,clean fleet,False,False,0.0,False,False,giver_no_soh,giver,Fujairah Light,2026-08-02 18:39:00,,Singapore Prosperity,9419967,959592
2026-08-16,9375238,Ocean Loyalty,bypass,never_seen,Kpler load at Fujairah Light. is east/Red Sea — no SoH exit expected.,,,,,,2026-08-06 00:00:00,2026-08-06 00:00:00,Fujairah Light.,,PortCall,portcall,bypass_east,unknown,Zakum,1.0,2000002.0,,10.0,,3.0,7.0,,,clean fleet,False,False,0.0,False,False,giver_no_soh,giver,Sohar Light,2026-08-16 02:39:00,,Gulf Loyalty,9441245,708798
2026-08-16,9683661,Vl Pioneer,bypass,never_seen,Kpler load at Fujairah Light. is east/Red Sea — no SoH exit expected.,,,,,,2026-08-06 00:00:00,2026-08-06 00:00:00,Fujairah Light.,,PortCall,portcall,bypass_east,unknown,ME,1.0,1999996.0,,10.0,,3.0,7.0,,,clean fleet,False,False,0.0,False,False,giver_no_soh,giver,Fujairah Light,2026-08-05 00:00:00,,Fujairah Energy,9723071,1999996
2026-08-16,9941673,Helios,bypass,never_seen,Kpler load at Sohar Light. is east/Red Sea — no SoH exit expected.,,,,,,2026-08-06 00:00:00,2026-08-06 00:00:00,Sohar Light.,,PortCall,portcall,bypass_east,unknown,Kuwait,1.0,2016582.0,,10.0,,3.0,7.0,,,clean fleet,False,False,0.0,False,False,giver_no_soh,giver,Sohar Light,2026-08-05 00:00:00,,Al Kout,9653434,2016582
2026-08-16,9790270,Maran Ajax,bypass,never_seen,Kpler load at ADCOP Fujairah is east/Red Sea — no SoH exit expected.,,,,,,2026-08-07 06:38:00,2026-08-07 06:38:00,ADCOP Fujairah,Visakhapatnam Refinery,Delivered,trade,bypass_east,outside,Murban,1.0,2135290.0,,9.0,,3.0,7.0,,,clean fleet,False,False,0.0,False,False,giver_no_soh,giver,Fujairah Light,2026-06-21 00:00:00,,Cameroon Prosperity,9315159,2000002
2026-08-16,9858046,Maran Mars,bypass,never_seen,Kpler load at Fujairah Light. is east/Red Sea — no SoH exit expected.,,,,,,2026-08-07 00:00:00,2026-08-07 00:00:00,Fujairah Light.,,PortCall,portcall,bypass_east,unknown,Umm Lulu,1.0,1996002.0,,9.0,,3.0,7.0,,,clean fleet,False,False,0.0,False,False,giver_no_soh,giver,Fujairah Light,2026-08-07 00:00:00,,Al Bahyah,9937799,1996002
2026-08-16,9890989,Nave Electron,bypass,never_seen,Kpler load at Fujairah Light. is east/Red Sea — no SoH exit expected.,,,,,,2026-08-08 08:33:00,2026-08-08 08:33:00,Fujairah Light.,,PortCall,portcall,bypass_east,unknown,Qatar Land,1.0,697194.0,,8.0,,3.0,7.0,,,clean fleet,False,False,0.0,False,False,giver_no_soh,giver,Fujairah Light,2026-08-04 20:18:00,,Kiku,9329796,697194
2026-08-16,9422457,Bobcat,bypass,never_seen,Kpler load at Sohar Light. is east/Red Sea — no SoH exit expected.,,,,,,2026-08-09 14:19:00,2026-08-09 14:19:00,Sohar Light.,,PortCall,portcall,bypass_east,unknown,Urals,1.0,1047096.0,,7.0,,3.0,7.0,,,clean fleet,False,False,0.0,False,False,giver_no_soh,giver,Sohar Light,2026-08-06 22:18:00,,Gelor,9185528,1047096
2026-08-16,9746621,Poliegos,bypass,never_seen,Kpler load at Sohar Light. is east/Red Sea — no SoH exit expected.,,,,,,2026-08-09 18:37:00,2026-08-09 18:37:00,Sohar Light.,,PortCall,portcall,bypass_east,unknown,Basrah,1.0,881667.0,,7.0,,3.0,7.0,,,clean fleet,False,False,0.0,False,False,giver_no_soh,giver,Sohar Light,2026-08-07 12:18:00,,Baltic Loyalty,9411953,881667
2026-08-16,1116014,Front Otra,bypass,never_seen,Kpler load at Sohar Light. is east/Red Sea — no SoH exit expected.,,,,,,2026-08-11 08:13:00,2026-08-11 08:13:00,Sohar Light.,,PortCall,portcall,bypass_east,unknown,Shaheen,1.0,2042477.0,,5.0,,3.0,7.0,,,clean fleet,False,False,0.0,False,False,giver_no_soh,giver,Sohar Light,2026-08-07 17:59:00,,Nissos Kythnos,9853852,2042477
2026-08-16,9513115,Aragona,bypass,never_seen,Kpler load at Sohar Light. is east/Red Sea — no SoH exit expected.,,,,,,2026-08-11 00:00:00,2026-08-11 00:00:00,Sohar Light.,,PortCall,portcall,bypass_east,unknown,Kuwait,1.0,2000002.0,,5.0,,3.0,7.0,,,clean fleet,False,False,0.0,False,False,giver_no_soh,giver,Sohar Light,2026-08-10 00:00:00,,Al Riqqa,9534808,2000002
2026-08-16,9731157,Olympic Luna,bypass,never_seen,Kpler load at Sohar Light. is east/Red Sea — no SoH exit expected.,,,,,,2026-08-11 00:00:00,2026-08-11 00:00:00,Sohar Light.,,PortCall,portcall,bypass_east,unknown,Basrah,1.0,1979994.0,,5.0,,3.0,7.0,,,clean fleet,False,False,0.0,False,False,giver_no_soh,giver,Sohar Light,2026-08-10 00:00:00,,Nissos Kea,9920758,1979994
2026-08-16,9343405,Tamba,bypass,never_seen,Kpler load at Sohar Light. is east/Red Sea — no SoH exit expected.,,,,,,2026-08-12 02:37:00,2026-08-12 02:37:00,Sohar Light.,,PortCall,portcall,bypass_east,unknown,ME,1.0,1291203.0,,4.0,,3.0,7.0,,,clean fleet,False,False,0.0,False,False,giver_no_soh,giver,Sohar Light,2026-08-10 00:59:00,,Gulf Loyalty,9441245,1291203
2026-08-16,9905344,Oceania,bypass,never_seen,Kpler load at Sohar Light. is east/Red Sea — no SoH exit expected.,,,,,,2026-08-12 00:35:00,2026-08-12 00:35:00,Sohar Light.,,PortCall,portcall,bypass_east,unknown,Basrah,1.0,1100484.0,,4.0,,3.0,7.0,,,clean fleet,False,False,0.0,False,False,giver_no_soh,giver,Sohar Light,2026-08-11 22:58:00,,Nissos Heraclea,9419618,1100484
2026-08-16,9360453,Mardan,bypass,never_seen,Kpler load at Yanbu is east/Red Sea — no SoH exit expected.,,,,,,2026-08-13 00:00:00,2026-08-13 00:00:00,Yanbu,Pakistan,In Transit,trade,bypass_red_sea,outside,Arab,1.0,426996.0,,3.0,,3.0,7.0,,,clean fleet,False,False,0.0,False,False,giver_no_soh,giver,Fujairah Light,2026-07-18 15:39:00,,Ocean Loyalty,9375238,599997
2026-08-16,9597018,Agistri,bypass,never_seen,Kpler load at Sohar Light. is east/Red Sea — no SoH exit expected.,,,,,,2026-08-13 21:17:00,2026-08-13 21:17:00,Sohar Light.,,PortCall,portcall,bypass_east,unknown,Basrah,1.0,859515.0,,3.0,,3.0,7.0,,,clean fleet,False,False,0.0,False,False,giver_no_soh,giver,Sohar Light,2026-08-13 17:18:00,,Nissos Heraclea,9419618,859515
2026-08-16,9411953,Baltic Loyalty,bypass,never_seen,Kpler load at Fujairah Light. is east/Red Sea — no SoH exit expected.,,,,,,2026-08-14 17:18:00,2026-08-14 17:18:00,Fujairah Light.,,PortCall,portcall,bypass_east,unknown,Basrah Med.,1.0,999998.0,,2.0,,3.0,7.0,,,clean fleet,False,False,0.0,False,False,giver_no_soh,giver,Fujairah Light,2026-08-10 18:19:00,,Suriname Prosperity,9376749,999998
2026-08-16,1087500,Front Spey,bypass,never_seen,Kpler load at Fujairah Light. is east/Red Sea — no SoH exit expected.,,,,,,2026-08-15 19:28:00,2026-08-15 19:28:00,Fujairah Light.,,PortCall,portcall,bypass_east,unknown,ME,1.0,2000002.0,,1.0,,3.0,7.0,,,clean fleet,False,False,0.0,False,False,giver_no_soh,giver,Fujairah Light,2026-08-12 19:19:00,,Vadin,9324100,2000002
2026-08-16,1055387,Vive Ut Vivas,bypass,never_seen,Kpler load at Sohar Light. is east/Red Sea — no SoH exit expected.,,,,,,2026-08-16 00:00:00,2026-08-16 00:00:00,Sohar Light.,,PortCall,portcall,bypass_east,unknown,ME,1.0,2000002.0,,0.0,,3.0,7.0,,,clean fleet,False,False,0.0,False,False,giver_no_soh,giver,Sohar Light,2026-08-15 00:00:00,,Togo Prosperity,9411032,2000002
2026-08-16,9590888,Dht Taiga,bypass,never_seen,Kpler load at Fujairah Light. is east/Red Sea — no SoH exit expected.,,,,,,2026-08-16 00:00:00,2026-08-16 00:00:00,Fujairah Light.,,PortCall,portcall,bypass_east,unknown,Basrah,1.0,1959999.0,,0.0,,3.0,7.0,,,clean fleet,False,False,0.0,False,False,giver_no_soh,giver,Fujairah Light,2026-08-15 00:00:00,,Angola B,9623685,1959999
2026-08-16,9829370,Universal Innovator,bypass,never_seen,Kpler load at ADCOP Fujairah is east/Red Sea — no SoH exit expected.,,,,,,2026-08-16 13:39:00,2026-08-16 13:39:00,ADCOP Fujairah,,PortCall,portcall,bypass_east,unknown,Murban,1.0,1050002.0,,0.0,,3.0,7.0,,,clean fleet,False,False,0.0,False,False,giver_no_soh,giver,Sohar Light,2026-06-25 00:00:00,,Al Jabriyah II,9329708,2000002
2026-08-16,9875783,Australis,bypass,never_seen,Kpler load at Fujairah Light. is east/Red Sea — no SoH exit expected.,,,,,,2026-08-16 00:00:00,2026-08-16 00:00:00,Fujairah Light.,,PortCall,portcall,bypass_east,unknown,ME,1.0,2000002.0,,0.0,,3.0,7.0,,,clean fleet,False,False,0.0,False,False,giver_no_soh,giver,Fujairah Light,2026-08-15 00:00:00,,Fujairah Energy,9723071,2000002
2026-08-16,9926673,Degas,bypass,never_seen,Kpler load at Sohar Light. is east/Red Sea — no SoH exit expected.,,,,,,2026-08-16 00:00:00,2026-08-16 00:00:00,Sohar Light.,,PortCall,portcall,bypass_east,unknown,Basrah,1.0,1959999.0,,0.0,,3.0,7.0,,,clean fleet,False,False,0.0,False,False,giver_no_soh,giver,Sohar Light,2026-08-15 00:00:00,,Egypt Prosperity,9534004,1959999
2026-08-16,9241798,NAVARA,outside_other,outside,Last SoH event is Laden exit on 2026-08-09 — not a crude-load puzzle.,2026-08-09,Exited MEG,Laden,other,Dark/Unknown Route,2026-08-06 11:34:00,2026-08-06 11:34:00,Khor Al Zubair Light.,,PortCall,portcall,inside_gulf,unknown,Khafji,1.0,8944.0,,10.0,3.0,3.0,7.0,MR,40248.0,clean fleet,False,False,1.0,True,False,receiver_after_exit,receiver,Sohar Light,2026-08-14 02:19:00,5,Aljalaa,9343338,8944
2026-08-16,1058030,Sea Avon,outside_other,never_seen,GoO STS with no SoH tape and no inside-gulf Kpler load.,,,,,,,,,,,,,,,,,,,,,,,,clean fleet,False,False,,True,True,unknown_partner,receiver,Gulf of Oman,2026-08-01 00:00:00,,,,1061367
2026-08-16,1116038,Front Clyde,outside_other,never_seen,GoO STS with no SoH tape and no inside-gulf Kpler load.,,,,,,,,,,,,,,,,,,,,,,,,clean fleet,False,False,,True,True,unknown_partner,receiver,Gulf of Oman,2026-07-26 00:00:00,,,,2000002
2026-08-16,9273650,Seaway,outside_other,never_seen,GoO STS with no SoH tape and no inside-gulf Kpler load.,,,,,,,,,,,,,,,,,,,,,,,,clean fleet,False,False,,True,True,giver_no_soh,giver,Fujairah Light,2026-08-10 06:53:00,,Albi,9444821,22127
2026-08-16,9284960,Ocean Lily,outside_other,never_seen,GoO STS with no SoH tape and no inside-gulf Kpler load.,,,,,,,,,,,,,,,,,,,,,,,,clean fleet,False,False,,True,True,giver_no_soh,giver,Fujairah Light,2026-08-16 03:39:00,,Rotterdam Energy,9508859,1986831
2026-08-16,9299599,Sc Ocean LXI,outside_other,never_seen,GoO STS with no SoH tape and no inside-gulf Kpler load.,,,,,,,,,,,,,,,,,,,,,,,,clean fleet,False,False,,True,True,unknown_partner,receiver,Gulf of Oman,2026-08-01 00:00:00,,,,762224
2026-08-16,9304655,Vera,outside_other,never_seen,GoO STS with no SoH tape and no inside-gulf Kpler load.,,,,,,,,,,,,,,,,,,,,,,,,dark fleet,True,True,,True,True,giver_no_soh,giver,Gulf of Oman,2026-07-10 00:00:00,,Daniel,9569683,2000002
2026-08-16,9310161,Renad,outside_other,never_seen,GoO STS with no SoH tape and no inside-gulf Kpler load.,,,,,,,,,,,,,,,,,,,,,,,,clean fleet,False,False,,True,True,giver_no_soh,giver,Sohar Light,2026-08-16 18:18:00,,Aljalaa,9343338,51809
2026-08-16,9321299,Tenki,outside_other,never_seen,GoO STS with no SoH tape and no inside-gulf Kpler load.,,,,,,,,,,,,,,,,,,,,,,,,clean fleet,False,False,,True,True,giver_no_soh,giver,Sohar Light,2026-07-31 00:00:00,,Das,9854507,1996429
2026-08-16,9326809,Desh Abhimaan,outside_other,never_seen,GoO STS with no SoH tape and no inside-gulf Kpler load.,,,,,,,,,,,,,,,,,,,,,,,,clean fleet,False,False,,True,True,giver_no_soh,giver,Fujairah Light,2026-08-01 22:18:00,,Singapore Prosperity,9419967,1040410
2026-08-16,9336842,Shalamar,outside_other,never_seen,GoO STS with no SoH tape and no inside-gulf Kpler load.,,,,,,,,,,,,,,,,,,,,,,,,clean fleet,False,False,,True,True,giver_no_soh,giver,Fujairah Light,2026-07-21 05:39:00,,Ocean Loyalty,9375238,699615
2026-08-16,9360465,Sargodha,outside_other,never_seen,GoO STS with no SoH tape and no inside-gulf Kpler load.,,,,,,,,,,,,,,,,,,,,,,,,clean fleet,False,False,,True,True,giver_no_soh,giver,Fujairah Light,2026-08-10 11:59:00,,Ocean Loyalty,9375238,722655
2026-08-16,9371593,Desh Viraat,outside_other,never_seen,GoO STS with no SoH tape and no inside-gulf Kpler load.,,,,,,,,,,,,,,,,,,,,,,,,clean fleet,False,False,,True,True,giver_no_soh,giver,Fujairah Light,2026-08-09 00:00:00,,Dar Salwa,9534779,2000002
2026-08-16,9371749,Desh Vishal,outside_other,never_seen,GoO STS with no SoH tape and no inside-gulf Kpler load.,,,,,,,,,,,,,,,,,,,,,,,,clean fleet,False,False,,True,True,giver_no_soh,giver,Sohar Light,2026-07-26 02:17:00,,Nissos Heraclea,9419618,1959999
2026-08-16,9379715,New Dragon,outside_other,never_seen,GoO STS with no SoH tape and no inside-gulf Kpler load.,,,,,,,,,,,,,,,,,,,,,,,,clean fleet,False,False,,True,True,giver_no_soh,giver,Fujairah Light,2026-08-15 00:00:00,,Cyprus Prosperity,9595216,992444
2026-08-16,9381720,Skopelos,outside_other,never_seen,GoO STS with no SoH tape and no inside-gulf Kpler load.,,,,,,,,,,,,,,,,,,,,,,,,clean fleet,False,False,,True,True,giver_no_soh,giver,Sohar Light,2026-08-06 06:19:00,,Romania Prosperity,9315161,2000002
2026-08-16,9389772,Xin Yue Yang,outside_other,never_seen,GoO STS with no SoH tape and no inside-gulf Kpler load.,,,,,,,,,,,,,,,,,,,,,,,,clean fleet,False,False,,True,True,giver_no_soh,giver,Fujairah Light,2026-06-25 10:18:00,,Bahrain Prosperity,9596947,1990662
2026-08-16,9397145,Atlantic Pioneer,outside_other,never_seen,GoO STS with no SoH tape and no inside-gulf Kpler load.,,,,,,,,,,,,,,,,,,,,,,,,clean fleet,False,False,,True,True,giver_no_soh,giver,Sohar Light,2026-06-26 00:00:00,,Argentina B,9389021,2000002
2026-08-16,9398084,Shirayuki,outside_other,never_seen,GoO STS with no SoH tape and no inside-gulf Kpler load.,,,,,,,,,,,,,,,,,,,,,,,,clean fleet,False,False,,True,True,unknown_partner,receiver,Gulf of Oman,2026-07-14 00:00:00,,,,2000002
2026-08-16,9398943,Yuan Yang Hu,outside_other,never_seen,GoO STS with no SoH tape and no inside-gulf Kpler load.,,,,,,,,,,,,,,,,,,,,,,,,clean fleet,False,False,,True,True,giver_no_soh,giver,Fujairah Light,2026-08-07 00:00:00,,Cameroon Prosperity,9315159,1990001
2026-08-16,9402990,C.Majesty,outside_other,never_seen,GoO STS with no SoH tape and no inside-gulf Kpler load.,,,,,,,,,,,,,,,,,,,,,,,,clean fleet,False,False,,True,True,giver_no_soh,giver,Sohar Light,2026-08-07 00:00:00,,Bahrain Prosperity,9596947,2000002
2026-08-16,9419955,Fpmc C Noble,outside_other,never_seen,GoO STS with no SoH tape and no inside-gulf Kpler load.,,,,,,,,,,,,,,,,,,,,,,,,clean fleet,False,False,,True,True,unknown_partner,receiver,Gulf of Oman,2026-08-01 00:00:00,,,,2000002
2026-08-16,9421984,C.Dignity,outside_other,never_seen,GoO STS with no SoH tape and no inside-gulf Kpler load.,,,,,,,,,,,,,,,,,,,,,,,,clean fleet,False,False,,True,True,giver_no_soh,giver,Sohar Light,2026-07-11 00:00:00,,Dar Salwa,9534779,2000002
2026-08-16,9422615,Sea Leopard,outside_other,never_seen,GoO STS with no SoH tape and no inside-gulf Kpler load.,,,,,,,,,,,,,,,,,,,,,,,,clean fleet,False,False,,True,True,giver_no_soh,giver,Sohar Light,2026-07-20 00:00:00,,Al Kout,9653434,2000002
2026-08-16,9432050,Giannis,outside_other,never_seen,GoO STS with no SoH tape and no inside-gulf Kpler load.,,,,,,,,,,,,,,,,,,,,,,,,clean fleet,False,False,,True,True,giver_no_soh,giver,Fujairah Light,2026-08-07 00:00:00,,Grand Lady,9406166,1074079
2026-08-16,9455662,Dht Opal,outside_other,never_seen,GoO STS with no SoH tape and no inside-gulf Kpler load.,,,,,,,,,,,,,,,,,,,,,,,,clean fleet,False,False,,True,True,giver_no_soh,giver,Sohar Light,2026-06-28 21:58:00,,Cameroon Prosperity,9315159,2120131
2026-08-16,9460136,P.Aliki,outside_other,never_seen,GoO STS with no SoH tape and no inside-gulf Kpler load.,,,,,,,,,,,,,,,,,,,,,,,,clean fleet,False,False,,True,True,giver_no_soh,giver,Fujairah Light,2026-08-09 19:37:00,,Ocean Loyalty,9375238,705924
2026-08-16,9473389,Xin An Yang,outside_other,never_seen,GoO STS with no SoH tape and no inside-gulf Kpler load.,,,,,,,,,,,,,,,,,,,,,,,,clean fleet,False,False,,True,True,giver_no_soh,giver,Fujairah Light,2026-07-11 00:00:00,,Bahrain Prosperity,9596947,2000002
2026-08-16,9478664,Takaoka,outside_other,never_seen,GoO STS with no SoH tape and no inside-gulf Kpler load.,,,,,,,,,,,,,,,,,,,,,,,,clean fleet,False,False,,True,True,giver_no_soh,giver,Sohar Light,2026-08-14 20:17:00,,Caribbean Loyalty,9501150,2000002
2026-08-16,9515929,New Strength,outside_other,never_seen,GoO STS with no SoH tape and no inside-gulf Kpler load.,,,,,,,,,,,,,,,,,,,,,,,,clean fleet,False,False,,True,True,unknown_partner,receiver,Gulf of Oman,2026-08-15 00:00:00,,,,1999996
2026-08-16,9568809,Tunisia Prosperity,outside_other,never_seen,GoO STS with no SoH tape and no inside-gulf Kpler load.,,,,,,,,,,,,,,,,,,,,,,,,clean fleet,False,False,,True,True,giver_no_soh,giver,Fujairah Light,2026-07-02 03:39:00,,Alexandros,9905459,1959999
2026-08-16,9602916,Seaking,outside_other,never_seen,GoO STS with no SoH tape and no inside-gulf Kpler load.,,,,,,,,,,,,,,,,,,,,,,,,clean fleet,False,False,,True,True,giver_no_soh,giver,Sohar Light,2026-08-02 03:38:00,,Rotterdam Energy,9508859,1986831
2026-08-16,9603192,He Rong Hai,outside_other,never_seen,GoO STS with no SoH tape and no inside-gulf Kpler load.,,,,,,,,,,,,,,,,,,,,,,,,clean fleet,False,False,,True,True,giver_no_soh,giver,Fujairah Light,2026-07-06 00:00:00,,Mombasa B,9739501,2002700
2026-08-16,9633458,Odessa,outside_other,never_seen,GoO STS with no SoH tape and no inside-gulf Kpler load.,,,,,,,,,,,,,,,,,,,,,,,,clean fleet,False,False,,True,True,giver_no_soh,giver,Fujairah Light,2026-07-22 03:19:00,,Gulf Loyalty,9441245,888555
2026-08-16,9679593,Zourva,outside_other,never_seen,GoO STS with no SoH tape and no inside-gulf Kpler load.,,,,,,,,,,,,,,,,,,,,,,,,clean fleet,False,False,,True,True,unknown_partner,receiver,Gulf of Oman,2026-07-03 00:00:00,,,,1900000
2026-08-16,9686340,New Achievement,outside_other,never_seen,GoO STS with no SoH tape and no inside-gulf Kpler load.,,,,,,,,,,,,,,,,,,,,,,,,clean fleet,False,False,,True,True,giver_no_soh,giver,Fujairah Light,2026-07-04 00:17:00,,Malaysia Prosperity,9395305,2000002
2026-08-16,9735361,Gem No.1,outside_other,never_seen,GoO STS with no SoH tape and no inside-gulf Kpler load.,,,,,,,,,,,,,,,,,,,,,,,,clean fleet,False,False,,True,True,unknown_partner,receiver,Gulf of Oman,2026-06-30 00:00:00,,,,1999996
2026-08-16,9779616,Sea Ruby,outside_other,never_seen,GoO STS with no SoH tape and no inside-gulf Kpler load.,,,,,,,,,,,,,,,,,,,,,,,,clean fleet,False,False,,True,True,giver_no_soh,giver,Fujairah Light,2026-07-31 00:00:00,,Dar Salwa,9534779,2083996
2026-08-16,9780251,Front Castor,outside_other,never_seen,GoO STS with no SoH tape and no inside-gulf Kpler load.,,,,,,,,,,,,,,,,,,,,,,,,clean fleet,False,False,,True,True,unknown_partner,receiver,Gulf of Oman,2026-06-24 00:00:00,,,,266241
2026-08-16,9783722,Seatriumph,outside_other,never_seen,GoO STS with no SoH tape and no inside-gulf Kpler load.,,,,,,,,,,,,,,,,,,,,,,,,clean fleet,False,False,,True,True,unknown_partner,receiver,Gulf of Oman,2026-07-04 00:00:00,,,,2000002
2026-08-16,9783734,Seapassion,outside_other,never_seen,GoO STS with no SoH tape and no inside-gulf Kpler load.,,,,,,,,,,,,,,,,,,,,,,,,clean fleet,False,False,,True,True,unknown_partner,receiver,Gulf of Oman,2026-06-18 00:00:00,,,,1999996
2026-08-16,9788875,Caribbean Glory,outside_other,never_seen,GoO STS with no SoH tape and no inside-gulf Kpler load.,,,,,,,,,,,,,,,,,,,,,,,,clean fleet,False,False,,True,True,unknown_partner,receiver,Gulf of Oman,2026-06-24 00:00:00,,,,1999996
2026-08-16,9813448,Dht Stallion,outside_other,never_seen,GoO STS with no SoH tape and no inside-gulf Kpler load.,,,,,,,,,,,,,,,,,,,,,,,,clean fleet,False,False,,True,True,giver_no_soh,giver,Sohar Light,2026-06-24 00:00:00,,Rotterdam Energy,9508859,1986831
2026-08-16,9829382,Universal Frontier,outside_other,never_seen,GoO STS with no SoH tape and no inside-gulf Kpler load.,,,,,,,,,,,,,,,,,,,,,,,,clean fleet,False,False,,True,True,unknown_partner,receiver,Gulf of Oman,2026-08-13 00:00:00,,,,1999996
2026-08-16,9832274,Front Silkeborg,outside_other,never_seen,GoO STS with no SoH tape and no inside-gulf Kpler load.,,,,,,,,,,,,,,,,,,,,,,,,clean fleet,False,False,,True,True,giver_no_soh,giver,Fujairah Light,2026-07-20 06:18:00,,Gulf Loyalty,9441245,1011445
2026-08-16,9837597,Universal Leader,outside_other,never_seen,GoO STS with no SoH tape and no inside-gulf Kpler load.,,,,,,,,,,,,,,,,,,,,,,,,clean fleet,False,False,,True,True,unknown_partner,receiver,Gulf of Oman,2026-07-29 00:00:00,,,,2000002
2026-08-16,9843302,Yuan Gui Yang,outside_other,never_seen,GoO STS with no SoH tape and no inside-gulf Kpler load.,,,,,,,,,,,,,,,,,,,,,,,,clean fleet,False,False,,True,True,giver_no_soh,giver,Fujairah Light,2026-07-08 00:00:00,,Das,9854507,1996429
2026-08-16,9845154,V.Progress,outside_other,never_seen,GoO STS with no SoH tape and no inside-gulf Kpler load.,,,,,,,,,,,,,,,,,,,,,,,,clean fleet,False,False,,True,True,giver_no_soh,giver,Sohar Light,2026-08-10 00:00:00,,Basrah Energy,9391775,1996461
2026-08-16,9847633,Yuan Peng Yang,outside_other,never_seen,GoO STS with no SoH tape and no inside-gulf Kpler load.,,,,,,,,,,,,,,,,,,,,,,,,clean fleet,False,False,,True,True,giver_no_soh,giver,Fujairah Light,2026-07-06 20:19:00,,Kiku,9329796,2011726
2026-08-16,9856359,Resilient Warrior,outside_other,never_seen,GoO STS with no SoH tape and no inside-gulf Kpler load.,,,,,,,,,,,,,,,,,,,,,,,,clean fleet,False,False,,True,True,giver_no_soh,giver,Sohar Light,2026-07-14 16:16:00,,Malaysia Prosperity,9395305,1000004
2026-08-16,9876414,Nave Allegro,outside_other,never_seen,GoO STS with no SoH tape and no inside-gulf Kpler load.,,,,,,,,,,,,,,,,,,,,,,,,clean fleet,False,False,,True,True,unknown_partner,receiver,Gulf of Oman,2026-07-18 00:00:00,,,,1999996
2026-08-16,9890977,Vittoria,outside_other,never_seen,GoO STS with no SoH tape and no inside-gulf Kpler load.,,,,,,,,,,,,,,,,,,,,,,,,clean fleet,False,False,,True,True,giver_no_soh,giver,Fujairah Light,2026-07-26 00:00:00,,Angola B,9623685,1799080
2026-08-16,9896414,Angola Prosperity,outside_other,never_seen,GoO STS with no SoH tape and no inside-gulf Kpler load.,,,,,,,,,,,,,,,,,,,,,,,,clean fleet,False,False,,True,True,unknown_partner,receiver,Gulf of Oman,2026-06-27 00:00:00,,,,1999996
2026-08-16,9905447,Adamantios,outside_other,never_seen,GoO STS with no SoH tape and no inside-gulf Kpler load.,,,,,,,,,,,,,,,,,,,,,,,,clean fleet,False,False,,True,True,giver_no_soh,giver,Fujairah Light,2026-06-26 00:00:00,,Dar Salwa,9534779,2089393
2026-08-16,9913511,Lahore,outside_other,never_seen,GoO STS with no SoH tape and no inside-gulf Kpler load.,,,,,,,,,,,,,,,,,,,,,,,,clean fleet,False,False,,True,True,giver_no_soh,giver,Fujairah Light,2026-07-04 20:18:00,,Singapore Prosperity,9419967,379866
2026-08-16,9920760,Nissos Nikouria,outside_other,never_seen,GoO STS with no SoH tape and no inside-gulf Kpler load.,,,,,,,,,,,,,,,,,,,,,,,,clean fleet,False,False,,True,True,unknown_partner,receiver,Gulf of Oman,2026-07-29 00:00:00,,,,2000002
2026-08-16,9926661,Caspar,outside_other,never_seen,GoO STS with no SoH tape and no inside-gulf Kpler load.,,,,,,,,,,,,,,,,,,,,,,,,clean fleet,False,False,,True,True,unknown_partner,receiver,Gulf of Oman,2026-07-29 00:00:00,,,,1999996
2026-08-16,9930806,Maran Dione,outside_other,never_seen,GoO STS with no SoH tape and no inside-gulf Kpler load.,,,,,,,,,,,,,,,,,,,,,,,,clean fleet,False,False,,True,True,unknown_partner,receiver,Gulf of Oman,2026-08-04 00:00:00,,,,999998
2026-08-16,9933535,Advantage Verdict,outside_other,never_seen,GoO STS with no SoH tape and no inside-gulf Kpler load.,,,,,,,,,,,,,,,,,,,,,,,,clean fleet,False,False,,True,True,unknown_partner,receiver,Gulf of Oman,2026-08-13 00:00:00,,,,2000002
2026-08-16,9933559,Advantage Vision,outside_other,never_seen,GoO STS with no SoH tape and no inside-gulf Kpler load.,,,,,,,,,,,,,,,,,,,,,,,,clean fleet,False,False,,True,True,giver_no_soh,giver,Fujairah Light,2026-06-21 00:00:00,,Cyprus Prosperity,9595216,1865620
2026-08-16,9941661,Olympus,outside_other,never_seen,GoO STS with no SoH tape and no inside-gulf Kpler load.,,,,,,,,,,,,,,,,,,,,,,,,clean fleet,False,False,,True,True,giver_no_soh,giver,Sohar Light,2026-07-31 00:00:00,,France C,9322281,1999996
